TMP,HUM,C02,V_ST,Time,D_N
26.34,48.71,2,100%,Fri Oct 21 15:44:51 2022,1
26.33,48.1,2,100%,Fri Oct 21 15:45:01 2022,2
26.32,47.88,2,100%,Fri Oct 21 15:45:11 2022,3
26.32,48,2,100%,Fri Oct 21 15:45:21 2022,4
26.33,48,2,100%,Fri Oct 21 15:45:31 2022,5
26.32,47.9,2,100%,Fri Oct 21 15:45:41 2022,6
26.32,47.83,2,100%,Fri Oct 21 15:45:51 2022,7
26.3,47.8,2,100%,Fri Oct 21 15:46:01 2022,8
26.32,47.83,2,100%,Fri Oct 21 15:46:12 2022,9
26.33,48.15,2,100%,Fri Oct 21 15:46:22 2022,10
26.33,47.9,2,100%,Fri Oct 21 15:46:32 2022,11
26.32,47.85,2,100%,Fri Oct 21 15:46:42 2022,12
26.33,48.05,2,100%,Fri Oct 21 15:46:52 2022,13
26.32,47.93,2,100%,Fri Oct 21 15:47:02 2022,14
26.32,47.88,2,100%,Fri Oct 21 15:47:12 2022,15
26.32,47.85,2,100%,Fri Oct 21 15:47:22 2022,16
26.32,47.9,2,100%,Fri Oct 21 15:47:32 2022,17
26.32,47.97,2,100%,Fri Oct 21 15:47:42 2022,18
26.32,48.46,2,100%,Fri Oct 21 15:47:52 2022,19
26.3,48.56,2,100%,Fri Oct 21 15:48:02 2022,20
26.29,48.22,2,100%,Fri Oct 21 15:48:12 2022,21
26.29,48.49,2,100%,Fri Oct 21 15:48:22 2022,22
26.32,49.05,2,100%,Fri Oct 21 15:48:32 2022,23
26.32,48.07,2,100%,Fri Oct 21 15:48:42 2022,24
26.3,48.1,2,100%,Fri Oct 21 15:48:52 2022,25
26.32,48.29,2,100%,Fri Oct 21 15:49:02 2022,26
26.32,48.39,2,100%,Fri Oct 21 15:49:13 2022,27
26.27,47.46,2,100%,Fri Oct 21 15:49:23 2022,28
26.29,47.88,2,100%,Fri Oct 21 15:49:33 2022,29
26.29,48.1,2,100%,Fri Oct 21 15:49:43 2022,30
26.33,48.29,2,100%,Fri Oct 21 15:49:53 2022,31
26.32,48.15,2,100%,Fri Oct 21 15:50:03 2022,32
26.32,47.88,2,100%,Fri Oct 21 15:50:13 2022,33
26.33,48.49,2,100%,Fri Oct 21 15:50:23 2022,34
26.32,47.93,2,100%,Fri Oct 21 15:50:33 2022,35
26.32,47.97,2,100%,Fri Oct 21 15:50:43 2022,36
26.3,49,2,100%,Fri Oct 21 15:50:53 2022,37
26.32,48.95,2,100%,Fri Oct 21 15:51:03 2022,38
26.29,50.73,2,100%,Fri Oct 21 15:51:13 2022,39
26.4,53.97,2,100%,Fri Oct 21 15:51:23 2022,40
26.44,50.64,2,100%,Fri Oct 21 15:51:33 2022,41
26.49,50.1,2,100%,Fri Oct 21 15:51:43 2022,42
26.53,48.98,2,100%,Fri Oct 21 15:51:53 2022,43
26.56,48.07,2,100%,Fri Oct 21 15:52:03 2022,44
26.58,48.39,2,100%,Fri Oct 21 15:52:13 2022,45
26.54,51.03,2,100%,Fri Oct 21 15:52:24 2022,46
26.61,53.08,2,100%,Fri Oct 21 15:52:34 2022,47
26.71,52.98,2,100%,Fri Oct 21 15:52:44 2022,48
26.74,52.42,2,100%,Fri Oct 21 15:52:54 2022,49
26.77,52.71,2,100%,Fri Oct 21 15:53:04 2022,50
26.78,52.66,2,100%,Fri Oct 21 15:53:14 2022,51
26.82,52.61,2,100%,Fri Oct 21 15:53:34 2022,52
26.87,52.22,2,100%,Fri Oct 21 15:53:44 2022,53
26.88,51.27,2,100%,Fri Oct 21 15:53:54 2022,54
26.89,51.61,2,100%,Fri Oct 21 15:54:04 2022,55
26.92,51.69,2,100%,Fri Oct 21 15:54:14 2022,56
26.94,51.56,2,100%,Fri Oct 21 15:54:24 2022,57
26.94,51.39,2,100%,Fri Oct 21 15:54:34 2022,58
26.94,51.49,2,100%,Fri Oct 21 15:54:44 2022,59
26.95,51.12,2,100%,Fri Oct 21 15:54:55 2022,60
26.98,51.1,2,100%,Fri Oct 21 15:55:04 2022,61
26.99,51.2,2,100%,Fri Oct 21 15:55:14 2022,62
26.99,50.88,2,100%,Fri Oct 21 15:55:25 2022,63
26.96,49.66,2,100%,Fri Oct 21 15:55:34 2022,64
26.99,50.51,2,100%,Fri Oct 21 15:55:45 2022,65
26.99,51.1,2,100%,Fri Oct 21 15:55:55 2022,66
27.02,51.37,2,100%,Fri Oct 21 15:56:05 2022,67
27.03,50.68,2,100%,Fri Oct 21 15:56:15 2022,68
27.06,50.78,2,100%,Fri Oct 21 15:56:25 2022,69
27.06,50.86,2,100%,Fri Oct 21 15:56:35 2022,70
27.09,50.93,2,100%,Fri Oct 21 15:56:45 2022,71
27.09,50.25,2,100%,Fri Oct 21 15:56:55 2022,72
27.13,51.56,2,100%,Fri Oct 21 15:57:05 2022,73
27.13,51.22,2,100%,Fri Oct 21 15:57:15 2022,74
27.2,53.22,2,100%,Fri Oct 21 15:57:25 2022,75
27.3,55.72,2,100%,Fri Oct 21 15:57:35 2022,76
27.38,56.57,2,100%,Fri Oct 21 15:57:45 2022,77
27.44,56.89,2,100%,Fri Oct 21 15:57:55 2022,78
27.51,57.05,2,100%,Fri Oct 21 15:58:05 2022,79
27.56,57.17,2,100%,Fri Oct 21 15:58:15 2022,80
27.62,57.54,2,100%,Fri Oct 21 15:58:25 2022,81
27.65,57.61,2,100%,Fri Oct 21 15:58:36 2022,82
27.69,57.8,2,100%,Fri Oct 21 15:58:45 2022,83
27.75,57.78,2,100%,Fri Oct 21 15:58:56 2022,84
27.78,57.83,2,100%,Fri Oct 21 15:59:06 2022,85
27.8,57.85,2,100%,Fri Oct 21 15:59:16 2022,86
27.86,57.9,2,100%,Fri Oct 21 15:59:26 2022,87
27.89,58.1,2,100%,Fri Oct 21 15:59:36 2022,88
27.93,58.05,2,100%,Fri Oct 21 15:59:46 2022,89
27.97,58.05,2,100%,Fri Oct 21 15:59:56 2022,90
28,57.9,2,100%,Fri Oct 21 16:00:06 2022,91
28.04,58.22,2,100%,Fri Oct 21 16:00:16 2022,92
28.1,58.6,2,100%,Fri Oct 21 16:00:26 2022,93
28.13,58.96,2,100%,Fri Oct 21 16:00:36 2022,94
28.17,59.11,2,100%,Fri Oct 21 16:00:46 2022,95
28.21,59.26,2,100%,Fri Oct 21 16:00:56 2022,96
28.24,58.99,2,100%,Fri Oct 21 16:01:06 2022,97
28.25,58.85,2,100%,Fri Oct 21 16:01:16 2022,98
28.3,58.96,2,100%,Fri Oct 21 16:01:26 2022,99
28.33,58.94,2,100%,Fri Oct 21 16:01:37 2022,100
28.35,59.06,2,100%,Fri Oct 21 16:01:46 2022,101
28.38,59.04,2,100%,Fri Oct 21 16:01:56 2022,102
28.4,58.99,2,100%,Fri Oct 21 16:02:07 2022,103
28.42,59.06,2,100%,Fri Oct 21 16:02:16 2022,104
28.45,58.99,2,100%,Fri Oct 21 16:02:27 2022,105
28.48,58.99,2,100%,Fri Oct 21 16:02:37 2022,106
28.49,59.11,2,100%,Fri Oct 21 16:02:47 2022,107
28.53,59.01,2,100%,Fri Oct 21 16:02:57 2022,108
28.55,59.01,2,100%,Fri Oct 21 16:03:07 2022,109
28.56,58.96,2,100%,Fri Oct 21 16:03:17 2022,110
28.59,58.85,2,100%,Fri Oct 21 16:03:27 2022,111
28.6,58.65,2,100%,Fri Oct 21 16:03:37 2022,112
28.62,58.38,2,100%,Fri Oct 21 16:03:47 2022,113
28.63,58,2,100%,Fri Oct 21 16:03:57 2022,114
28.64,57.85,2,100%,Fri Oct 21 16:04:07 2022,115
28.64,57.85,2,100%,Fri Oct 21 16:04:17 2022,116
28.67,57.78,2,100%,Fri Oct 21 16:04:27 2022,117
28.67,57.69,2,100%,Fri Oct 21 16:04:37 2022,118
28.7,57.64,2,100%,Fri Oct 21 16:04:47 2022,119
28.72,57.59,2,100%,Fri Oct 21 16:04:57 2022,120
28.72,57.34,2,100%,Fri Oct 21 16:05:07 2022,121
28.73,57.27,2,100%,Fri Oct 21 16:05:18 2022,122
28.74,57.12,2,100%,Fri Oct 21 16:05:28 2022,123
28.74,56.98,2,100%,Fri Oct 21 16:05:38 2022,124
28.76,56.81,2,100%,Fri Oct 21 16:05:48 2022,125
28.76,56.62,2,100%,Fri Oct 21 16:05:58 2022,126
28.77,56.42,2,100%,Fri Oct 21 16:06:08 2022,127
28.77,56.31,2,100%,Fri Oct 21 16:06:18 2022,128
28.77,56.23,2,100%,Fri Oct 21 16:06:28 2022,129
28.77,56.14,2,100%,Fri Oct 21 16:06:38 2022,130
28.77,55.96,2,100%,Fri Oct 21 16:06:48 2022,131
28.79,55.87,2,100%,Fri Oct 21 16:06:58 2022,132
28.79,55.72,2,100%,Fri Oct 21 16:07:08 2022,133
28.79,55.7,2,100%,Fri Oct 21 16:07:18 2022,134
28.8,55.65,2,100%,Fri Oct 21 16:07:28 2022,135
28.81,55.62,2,100%,Fri Oct 21 16:07:38 2022,136
28.81,55.57,2,100%,Fri Oct 21 16:07:48 2022,137
28.81,54.9,2,100%,Fri Oct 21 16:07:58 2022,138
28.81,54.68,2,100%,Fri Oct 21 16:08:08 2022,139
28.81,54.68,2,100%,Fri Oct 21 16:08:19 2022,140
28.83,54.85,2,100%,Fri Oct 21 16:08:29 2022,141
28.8,54.24,2,100%,Fri Oct 21 16:08:39 2022,142
28.67,49.15,2,100%,Fri Oct 21 16:08:49 2022,143
28.4,45.15,2,100%,Fri Oct 21 16:08:59 2022,144
28.3,43.38,2,100%,Fri Oct 21 16:09:09 2022,145
28.17,42.74,2,100%,Fri Oct 21 16:09:19 2022,146
28,43.19,2,100%,Fri Oct 21 16:09:29 2022,147
27.9,43.53,2,100%,Fri Oct 21 16:09:39 2022,148
27.87,44.22,2,100%,Fri Oct 21 16:09:49 2022,149
27.92,44.27,2,100%,Fri Oct 21 16:09:59 2022,150
27.87,44.67,2,100%,Fri Oct 21 16:10:09 2022,151
27.9,44.71,2,100%,Fri Oct 21 16:10:19 2022,152
27.9,51.54,2,100%,Fri Oct 21 16:10:29 2022,153
27.96,52.39,2,100%,Fri Oct 21 16:10:39 2022,154
28.11,53.71,2,100%,Fri Oct 21 16:10:49 2022,155
28.1,56.16,2,100%,Fri Oct 21 16:10:59 2022,156
28.28,61.95,2,100%,Fri Oct 21 16:11:09 2022,157
28.4,64.36,2,100%,Fri Oct 21 16:11:19 2022,158
28.49,66.15,2,100%,Fri Oct 21 16:11:29 2022,159
28.59,67.51,2,100%,Fri Oct 21 16:11:39 2022,160
28.66,68.76,2,100%,Fri Oct 21 16:11:49 2022,161
22.8,59.23,2,100%,Fri Oct 21 16:54:44 2022,161
22.85,59.16,2,100%,Fri Oct 21 16:54:54 2022,162
22.99,58.24,2,100%,Fri Oct 21 16:55:24 2022,163
23.05,58.19,2,100%,Fri Oct 21 16:55:34 2022,164
23.1,58.02,2,100%,Fri Oct 21 16:55:44 2022,165
23.14,57.97,2,100%,Fri Oct 21 16:55:54 2022,166
23.2,57.95,2,100%,Fri Oct 21 16:56:04 2022,167
23.21,57.32,2,100%,Fri Oct 21 16:56:14 2022,168
23.26,57.44,2,100%,Fri Oct 21 16:56:24 2022,169
23.3,57.44,2,100%,Fri Oct 21 16:56:34 2022,170
23.33,57.44,2,100%,Fri Oct 21 16:56:44 2022,171
23.38,57.25,2,100%,Fri Oct 21 16:56:54 2022,172
23.4,56.89,2,100%,Fri Oct 21 16:57:04 2022,173
23.45,56.94,2,100%,Fri Oct 21 16:57:14 2022,174
23.48,56.81,2,100%,Fri Oct 21 16:57:24 2022,175
23.51,56.64,2,100%,Fri Oct 21 16:57:34 2022,176
23.54,56.72,2,100%,Fri Oct 21 16:57:45 2022,177
23.57,56.69,2,100%,Fri Oct 21 16:57:55 2022,178
23.59,56.62,2,100%,Fri Oct 21 16:58:05 2022,179
23.62,56.67,2,100%,Fri Oct 21 16:58:15 2022,180
23.65,56.67,2,100%,Fri Oct 21 16:58:25 2022,181
23.68,56.5,2,100%,Fri Oct 21 16:58:35 2022,182
23.69,56.4,2,100%,Fri Oct 21 16:58:45 2022,183
23.72,56.33,2,100%,Fri Oct 21 16:58:55 2022,184
23.75,56.33,2,100%,Fri Oct 21 16:59:05 2022,185
23.75,55.84,2,100%,Fri Oct 21 16:59:15 2022,186
23.78,55.79,2,100%,Fri Oct 21 16:59:25 2022,187
23.79,55.96,2,100%,Fri Oct 21 16:59:35 2022,188
23.79,56.11,2,100%,Fri Oct 21 16:59:45 2022,189
23.82,56.06,2,100%,Fri Oct 21 16:59:55 2022,190
23.83,55.99,2,100%,Fri Oct 21 17:00:05 2022,191
23.86,55.99,2,100%,Fri Oct 21 17:00:15 2022,192
23.88,55.89,2,100%,Fri Oct 21 17:00:25 2022,193
23.89,55.79,2,100%,Fri Oct 21 17:00:35 2022,194
23.92,55.65,2,100%,Fri Oct 21 17:00:45 2022,195
23.9,55.75,2,100%,Fri Oct 21 17:00:55 2022,196
23.93,55.62,2,100%,Fri Oct 21 17:01:06 2022,197
23.96,55.57,2,100%,Fri Oct 21 17:01:16 2022,198
23.96,55.48,2,100%,Fri Oct 21 17:01:26 2022,199
23.96,55.31,2,100%,Fri Oct 21 17:01:36 2022,200
23.97,55.21,2,100%,Fri Oct 21 17:01:46 2022,201
23.97,55.29,2,100%,Fri Oct 21 17:01:56 2022,202
24,55.24,2,100%,Fri Oct 21 17:02:06 2022,203
24,55.04,2,100%,Fri Oct 21 17:02:16 2022,204
23.99,55.07,2,100%,Fri Oct 21 17:02:26 2022,205
24.02,55.14,2,100%,Fri Oct 21 17:02:36 2022,206
24.03,55.09,2,100%,Fri Oct 21 17:02:46 2022,207
24.02,54.95,2,100%,Fri Oct 21 17:02:56 2022,208
24.02,54.95,2,100%,Fri Oct 21 17:03:06 2022,209
24.04,54.92,2,100%,Fri Oct 21 17:03:16 2022,210
24.04,55.07,2,100%,Fri Oct 21 17:03:26 2022,211
24.04,54.99,2,100%,Fri Oct 21 17:03:36 2022,212
24.04,55.07,2,100%,Fri Oct 21 17:03:46 2022,213
24.06,54.99,2,100%,Fri Oct 21 17:03:56 2022,214
24.03,54.75,2,100%,Fri Oct 21 17:04:06 2022,215
24.04,54.9,2,100%,Fri Oct 21 17:04:16 2022,216
24.06,54.99,2,100%,Fri Oct 21 17:04:27 2022,217
24.07,54.92,2,100%,Fri Oct 21 17:04:37 2022,218
24.07,54.9,2,100%,Fri Oct 21 17:04:47 2022,219
24.07,54.8,2,100%,Fri Oct 21 17:04:57 2022,220
24.09,54.68,2,100%,Fri Oct 21 17:05:07 2022,221
24.1,54.75,2,100%,Fri Oct 21 17:05:17 2022,222
24.11,54.55,2,100%,Fri Oct 21 17:05:27 2022,223
24.11,54.58,2,100%,Fri Oct 21 17:05:37 2022,224
24.13,54.58,2,100%,Fri Oct 21 17:05:47 2022,225
24.11,54.51,2,100%,Fri Oct 21 17:05:57 2022,226
24.11,54.19,2,100%,Fri Oct 21 17:06:07 2022,227
24.11,54.15,2,100%,Fri Oct 21 17:06:17 2022,228
24.13,54.37,2,100%,Fri Oct 21 17:06:27 2022,229
24.11,54.27,2,100%,Fri Oct 21 17:06:37 2022,230
24.14,54.46,2,100%,Fri Oct 21 17:06:47 2022,231
24.14,54.55,2,100%,Fri Oct 21 17:06:57 2022,232
24.13,54.63,2,100%,Fri Oct 21 17:07:07 2022,233
24.16,54.73,2,100%,Fri Oct 21 17:07:17 2022,234
24.09,54.92,2,100%,Fri Oct 21 17:07:27 2022,235
24.1,55.39,2,100%,Fri Oct 21 17:07:37 2022,236
24.49,74.63,2,100%,Fri Oct 21 17:07:47 2022,237
26.12,100,2,100%,Fri Oct 21 17:07:58 2022,238
26.94,100,2,100%,Fri Oct 21 17:08:08 2022,239
26.16,74.79,2,100%,Fri Oct 21 17:08:18 2022,240
26.13,58.1,2,100%,Fri Oct 21 17:08:28 2022,241
26.01,52.35,2,100%,Fri Oct 21 17:08:38 2022,242
25.88,50.78,2,100%,Fri Oct 21 17:08:48 2022,243
25.8,50.54,2,100%,Fri Oct 21 17:08:58 2022,244
25.66,50.42,2,100%,Fri Oct 21 17:09:08 2022,245
25.57,50.86,2,100%,Fri Oct 21 17:09:18 2022,246
25.46,50.88,2,100%,Fri Oct 21 17:09:28 2022,247
25.38,50.83,2,100%,Fri Oct 21 17:09:38 2022,248
25.28,51.03,2,100%,Fri Oct 21 17:09:48 2022,249
25.21,52.49,2,100%,Fri Oct 21 17:09:58 2022,250
25,51.66,2,100%,Fri Oct 21 17:10:08 2022,251
24.94,52.1,2,100%,Fri Oct 21 17:10:18 2022,252
24.86,52.17,2,100%,Fri Oct 21 17:10:28 2022,253
24.81,52.27,2,100%,Fri Oct 21 17:10:38 2022,254
24.79,52.3,2,100%,Fri Oct 21 17:10:48 2022,255
24.72,51.81,2,100%,Fri Oct 21 17:10:58 2022,256
24.69,52.59,2,100%,Fri Oct 21 17:11:08 2022,257
24.65,52.27,2,100%,Fri Oct 21 17:11:18 2022,258
24.62,52.27,2,100%,Fri Oct 21 17:11:29 2022,259
24.58,52.42,2,100%,Fri Oct 21 17:11:39 2022,260
24.53,52.59,2,100%,Fri Oct 21 17:11:49 2022,261
24.52,52.35,2,100%,Fri Oct 21 17:11:59 2022,262
24.48,52.64,2,100%,Fri Oct 21 17:12:09 2022,263
24.46,52.61,2,100%,Fri Oct 21 17:12:19 2022,264
24.43,52.86,2,100%,Fri Oct 21 17:12:29 2022,265
24.42,53.03,2,100%,Fri Oct 21 17:12:39 2022,266
24.39,53.08,2,100%,Fri Oct 21 17:12:49 2022,267
24.39,53.1,2,100%,Fri Oct 21 17:12:59 2022,268
24.38,53.13,2,100%,Fri Oct 21 17:13:09 2022,269
24.35,53.1,2,100%,Fri Oct 21 17:13:19 2022,270
24.31,52.91,2,100%,Fri Oct 21 17:13:29 2022,271
24.3,53.19,2,100%,Fri Oct 21 17:13:39 2022,272
24.28,53.56,2,100%,Fri Oct 21 17:13:49 2022,273
24.27,53.66,2,100%,Fri Oct 21 17:13:59 2022,274
24.21,52.88,2,100%,Fri Oct 21 17:14:09 2022,275
24.23,53.19,2,100%,Fri Oct 21 17:14:19 2022,276
24.2,53.39,2,100%,Fri Oct 21 17:14:29 2022,277
24.2,53.41,2,100%,Fri Oct 21 17:14:39 2022,278
24.19,53.73,2,100%,Fri Oct 21 17:14:49 2022,279
24.19,53.68,2,100%,Fri Oct 21 17:15:00 2022,280
24.19,53.56,2,100%,Fri Oct 21 17:15:10 2022,281
24.19,53.41,2,100%,Fri Oct 21 17:15:20 2022,282
24.16,53.13,2,100%,Fri Oct 21 17:15:30 2022,283
24.16,53.58,2,100%,Fri Oct 21 17:15:40 2022,284
24.14,53.83,2,100%,Fri Oct 21 17:15:50 2022,285
24.14,53.73,2,100%,Fri Oct 21 17:16:00 2022,286
24.14,53.76,2,100%,Fri Oct 21 17:16:10 2022,287
24.14,53.8,2,100%,Fri Oct 21 17:16:20 2022,288
24.13,54.15,2,100%,Fri Oct 21 17:16:30 2022,289
24.13,54.22,2,100%,Fri Oct 21 17:16:40 2022,290
24.13,54.27,2,100%,Fri Oct 21 17:16:50 2022,291
24.14,53.9,2,100%,Fri Oct 21 17:17:00 2022,292
24.13,53.51,2,100%,Fri Oct 21 17:17:10 2022,293
24.11,53.8,2,100%,Fri Oct 21 17:17:20 2022,294
24.11,54.12,2,100%,Fri Oct 21 17:17:30 2022,295
24.11,53.95,2,100%,Fri Oct 21 17:17:40 2022,296
24.1,54.02,2,100%,Fri Oct 21 17:17:51 2022,297
24.1,53.93,2,100%,Fri Oct 21 17:18:04 2022,298
24.11,54.19,2,100%,Fri Oct 21 17:18:10 2022,299
24.13,54.15,2,100%,Fri Oct 21 17:18:20 2022,300
24.13,54.34,2,100%,Fri Oct 21 17:18:31 2022,301
24.14,54.1,2,100%,Fri Oct 21 17:18:41 2022,302
24.16,53.95,2,100%,Fri Oct 21 17:18:51 2022,303
24.14,53.66,2,100%,Fri Oct 21 17:19:01 2022,304
24.14,53.19,2,100%,Fri Oct 21 17:19:11 2022,305
24.13,53.34,2,100%,Fri Oct 21 17:19:21 2022,306
24.11,53.29,2,100%,Fri Oct 21 17:19:31 2022,307
24.1,53.44,2,100%,Fri Oct 21 17:19:41 2022,308
24.11,53.58,2,100%,Fri Oct 21 17:19:51 2022,309
24.11,53.56,2,100%,Fri Oct 21 17:20:01 2022,310
24.13,53.66,2,100%,Fri Oct 21 17:20:11 2022,311
24.13,53.97,2,100%,Fri Oct 21 17:20:21 2022,312
24.13,53.63,2,100%,Fri Oct 21 17:20:31 2022,313
24.13,53.78,2,100%,Fri Oct 21 17:20:41 2022,314
24.13,53.93,2,100%,Fri Oct 21 17:20:51 2022,315
24.11,53.66,2,100%,Fri Oct 21 17:21:01 2022,316
24.13,53.56,2,100%,Fri Oct 21 17:21:11 2022,317
24.14,53.78,2,100%,Fri Oct 21 17:21:21 2022,318
24.13,54.1,2,100%,Fri Oct 21 17:21:31 2022,319
24.13,53.97,2,100%,Fri Oct 21 17:21:41 2022,320
24.11,53.78,2,100%,Fri Oct 21 17:21:51 2022,321
24.1,54.07,2,100%,Fri Oct 21 17:22:02 2022,322
24.09,54.34,2,100%,Fri Oct 21 17:22:12 2022,323
24.09,54.37,2,100%,Fri Oct 21 17:22:22 2022,324
24.07,53.85,2,100%,Fri Oct 21 17:22:32 2022,325
24.06,53.95,2,100%,Fri Oct 21 17:22:42 2022,326
24.04,54.22,2,100%,Fri Oct 21 17:22:52 2022,327
24.03,54.22,2,100%,Fri Oct 21 17:23:02 2022,328
24.03,54.39,2,100%,Fri Oct 21 17:23:12 2022,329
24.02,54.46,2,100%,Fri Oct 21 17:23:22 2022,330
24,54.32,2,100%,Fri Oct 21 17:23:32 2022,331
24,54.27,2,100%,Fri Oct 21 17:23:42 2022,332
24,54.51,2,100%,Fri Oct 21 17:23:52 2022,333
23.97,54.32,2,100%,Fri Oct 21 17:24:02 2022,334
23.97,54.27,2,100%,Fri Oct 21 17:24:12 2022,335
23.99,54.65,2,100%,Fri Oct 21 17:24:22 2022,336
23.97,54.24,2,100%,Fri Oct 21 17:24:32 2022,337
23.96,54.17,2,100%,Fri Oct 21 17:24:42 2022,338
23.95,54.19,2,100%,Fri Oct 21 17:24:52 2022,339
23.96,54.55,2,100%,Fri Oct 21 17:25:02 2022,340
23.96,54.7,2,100%,Fri Oct 21 17:25:12 2022,341
23.96,54.73,2,100%,Fri Oct 21 17:25:23 2022,342
23.97,54.82,2,100%,Fri Oct 21 17:25:33 2022,343
23.97,54.39,2,100%,Fri Oct 21 17:25:43 2022,344
23.96,54.51,2,100%,Fri Oct 21 17:25:53 2022,345
23.96,54.87,2,100%,Fri Oct 21 17:26:03 2022,346
23.95,54.34,2,100%,Fri Oct 21 17:26:13 2022,347
23.96,54.75,2,100%,Fri Oct 21 17:26:23 2022,348
23.96,54.85,2,100%,Fri Oct 21 17:26:33 2022,349
23.95,54.8,2,100%,Fri Oct 21 17:26:43 2022,350
23.95,54.73,2,100%,Fri Oct 21 17:26:53 2022,351
23.93,54.68,2,100%,Fri Oct 21 17:27:03 2022,352
23.92,54.65,2,100%,Fri Oct 21 17:27:13 2022,353
23.93,54.68,2,100%,Fri Oct 21 17:27:23 2022,354
23.92,54.8,2,100%,Fri Oct 21 17:27:33 2022,355
23.93,54.8,2,100%,Fri Oct 21 17:27:43 2022,356
23.93,54.8,2,100%,Fri Oct 21 17:27:53 2022,357
23.93,54.8,2,100%,Fri Oct 21 17:28:03 2022,358
23.95,54.9,2,100%,Fri Oct 21 17:28:13 2022,359
23.93,54.82,2,100%,Fri Oct 21 17:28:23 2022,360
23.92,54.87,2,100%,Fri Oct 21 17:28:33 2022,361
23.92,54.8,2,100%,Fri Oct 21 17:28:43 2022,362
23.93,54.8,2,100%,Fri Oct 21 17:28:54 2022,363
23.93,55.04,2,100%,Fri Oct 21 17:29:04 2022,364
23.92,55.24,2,100%,Fri Oct 21 17:29:14 2022,365
23.93,55.17,2,100%,Fri Oct 21 17:29:24 2022,366
23.93,54.9,2,100%,Fri Oct 21 17:29:34 2022,367
23.93,54.9,2,100%,Fri Oct 21 17:29:44 2022,368
23.93,54.82,2,100%,Fri Oct 21 17:29:54 2022,369
23.95,54.65,2,100%,Fri Oct 21 17:30:04 2022,370
23.93,54.8,2,100%,Fri Oct 21 17:30:14 2022,371
23.96,54.92,2,100%,Fri Oct 21 17:30:24 2022,372
23.93,54.73,2,100%,Fri Oct 21 17:30:34 2022,373
23.93,54.7,2,100%,Fri Oct 21 17:30:44 2022,374
23.93,54.87,2,100%,Fri Oct 21 17:30:54 2022,375
23.92,54.8,2,100%,Fri Oct 21 17:31:04 2022,376
23.92,54.92,2,100%,Fri Oct 21 17:31:14 2022,377
23.92,55.43,2,100%,Fri Oct 21 17:31:24 2022,378
23.9,55.17,2,100%,Fri Oct 21 17:31:34 2022,379
23.92,55.21,2,100%,Fri Oct 21 17:31:44 2022,380
23.93,55.36,2,100%,Fri Oct 21 17:31:54 2022,381
23.93,55.21,2,100%,Fri Oct 21 17:32:04 2022,382
23.93,55.31,2,100%,Fri Oct 21 17:32:14 2022,383
23.93,55.53,2,100%,Fri Oct 21 17:32:25 2022,384
23.92,55.39,2,100%,Fri Oct 21 17:32:35 2022,385
23.93,55.5,2,100%,Fri Oct 21 17:32:45 2022,386
23.92,55.07,2,100%,Fri Oct 21 17:32:55 2022,387
23.93,54.97,2,100%,Fri Oct 21 17:33:05 2022,388
23.92,54.87,2,100%,Fri Oct 21 17:33:15 2022,389
23.92,54.65,2,100%,Fri Oct 21 17:33:25 2022,390
23.9,54.55,2,100%,Fri Oct 21 17:33:35 2022,391
23.89,54.65,2,100%,Fri Oct 21 17:33:45 2022,392
23.9,54.75,2,100%,Fri Oct 21 17:33:55 2022,393
23.9,54.97,2,100%,Fri Oct 21 17:34:05 2022,394
23.9,55.31,2,100%,Fri Oct 21 17:34:15 2022,395
23.93,55.48,2,100%,Fri Oct 21 17:34:25 2022,396
23.93,55.17,2,100%,Fri Oct 21 17:34:35 2022,397
23.93,55.02,2,100%,Fri Oct 21 17:34:45 2022,398
23.93,55.07,2,100%,Fri Oct 21 17:34:55 2022,399
23.93,55.36,2,100%,Fri Oct 21 17:35:05 2022,400
23.93,55.34,2,100%,Fri Oct 21 17:35:15 2022,401
23.93,55.39,2,100%,Fri Oct 21 17:35:25 2022,402
23.95,55.31,2,100%,Fri Oct 21 17:35:35 2022,403
23.93,54.9,2,100%,Fri Oct 21 17:35:45 2022,404
23.92,54.92,2,100%,Fri Oct 21 17:35:56 2022,405
23.92,54.75,2,100%,Fri Oct 21 17:36:06 2022,406
23.93,55.14,2,100%,Fri Oct 21 17:36:16 2022,407
23.9,55.21,2,100%,Fri Oct 21 17:36:26 2022,408
23.92,55.41,2,100%,Fri Oct 21 17:36:36 2022,409
23.92,54.99,2,100%,Fri Oct 21 17:36:46 2022,410
23.9,54.39,2,100%,Fri Oct 21 17:36:56 2022,411
23.9,54.63,2,100%,Fri Oct 21 17:37:06 2022,412
23.9,54.8,2,100%,Fri Oct 21 17:37:16 2022,413
23.9,54.68,2,100%,Fri Oct 21 17:37:26 2022,414
23.89,54.95,2,100%,Fri Oct 21 17:37:36 2022,415
23.89,55.26,2,100%,Fri Oct 21 17:37:46 2022,416
23.9,55.43,2,100%,Fri Oct 21 17:37:56 2022,417
23.9,55.39,2,100%,Fri Oct 21 17:38:06 2022,418
23.89,55.55,2,100%,Fri Oct 21 17:38:16 2022,419
23.92,55.43,2,100%,Fri Oct 21 17:38:26 2022,420
23.92,55.57,2,100%,Fri Oct 21 17:38:36 2022,421
23.92,55.31,2,100%,Fri Oct 21 17:38:46 2022,422
23.95,55.19,2,100%,Fri Oct 21 17:38:56 2022,423
23.95,55.21,2,100%,Fri Oct 21 17:39:06 2022,424
23.93,55.17,2,100%,Fri Oct 21 17:39:17 2022,425
23.93,55.17,2,100%,Fri Oct 21 17:39:27 2022,426
23.93,54.97,2,100%,Fri Oct 21 17:39:37 2022,427
23.95,55.07,2,100%,Fri Oct 21 17:39:47 2022,428
23.95,55.36,2,100%,Fri Oct 21 17:39:57 2022,429
23.96,55.14,2,100%,Fri Oct 21 17:40:07 2022,430
23.96,55.19,2,100%,Fri Oct 21 17:40:17 2022,431
23.96,55.21,2,100%,Fri Oct 21 17:40:27 2022,432
23.95,55.04,2,100%,Fri Oct 21 17:40:37 2022,433
23.93,54.82,2,100%,Fri Oct 21 17:40:47 2022,434
23.95,54.65,2,100%,Fri Oct 21 17:40:57 2022,435
23.95,54.9,2,100%,Fri Oct 21 17:41:07 2022,436
23.93,55.21,2,100%,Fri Oct 21 17:41:17 2022,437
23.95,55.31,2,100%,Fri Oct 21 17:41:27 2022,438
23.93,55.17,2,100%,Fri Oct 21 17:41:37 2022,439
23.92,55.07,2,100%,Fri Oct 21 17:41:47 2022,440
23.93,55.24,2,100%,Fri Oct 21 17:41:57 2022,441
23.93,55.5,2,100%,Fri Oct 21 17:42:17 2022,442
23.93,55.36,2,100%,Fri Oct 21 17:42:27 2022,443
23.93,55.55,2,100%,Fri Oct 21 17:42:37 2022,444
23.93,55.02,2,100%,Fri Oct 21 17:42:48 2022,445
23.93,55.04,2,100%,Fri Oct 21 17:42:58 2022,446
23.92,54.95,2,100%,Fri Oct 21 17:43:08 2022,447
23.92,55.04,2,100%,Fri Oct 21 17:43:18 2022,448
23.92,55.04,2,100%,Fri Oct 21 17:43:28 2022,449
23.89,54.9,2,100%,Fri Oct 21 17:45:38 2022,450
23.89,54.99,2,100%,Fri Oct 21 17:45:48 2022,451
23.89,55.41,2,100%,Fri Oct 21 17:45:58 2022,452
23.89,55.04,2,100%,Fri Oct 21 17:46:08 2022,453
23.89,55.07,2,100%,Fri Oct 21 17:46:19 2022,454
23.89,55.14,2,100%,Fri Oct 21 17:46:29 2022,455
23.89,55.62,2,100%,Fri Oct 21 17:46:39 2022,456
23.9,55.46,2,100%,Fri Oct 21 17:46:49 2022,457
23.9,54.99,2,100%,Fri Oct 21 17:46:59 2022,458
23.9,54.95,2,100%,Fri Oct 21 17:47:09 2022,459
23.89,54.92,2,100%,Fri Oct 21 17:47:19 2022,460
23.92,55.34,2,100%,Fri Oct 21 17:47:29 2022,461
23.9,55.48,2,100%,Fri Oct 21 17:47:39 2022,462
23.92,55.65,2,100%,Fri Oct 21 17:47:49 2022,463
23.9,55.26,2,100%,Fri Oct 21 17:47:59 2022,464
23.9,55.26,2,100%,Fri Oct 21 17:48:09 2022,465
23.9,55.24,2,100%,Fri Oct 21 17:48:19 2022,466
23.92,54.87,2,100%,Fri Oct 21 17:48:29 2022,467
23.9,55.21,2,100%,Fri Oct 21 17:48:39 2022,468
23.9,55.26,2,100%,Fri Oct 21 17:48:49 2022,469
23.89,55.21,2,100%,Fri Oct 21 17:48:59 2022,470
23.88,55.07,2,100%,Fri Oct 21 17:49:09 2022,471
23.89,55.39,2,100%,Fri Oct 21 17:49:19 2022,472
23.89,55.39,2,100%,Fri Oct 21 17:49:29 2022,473
23.89,55.72,2,100%,Fri Oct 21 17:49:39 2022,474
23.92,55.12,2,100%,Fri Oct 21 17:52:50 2022,475
23.9,55.55,2,100%,Fri Oct 21 17:53:00 2022,476
23.92,55.65,2,100%,Fri Oct 21 17:53:10 2022,477
23.9,55.34,2,100%,Fri Oct 21 17:53:21 2022,478
23.89,55.46,2,100%,Fri Oct 21 17:53:31 2022,479
23.89,55.43,2,100%,Fri Oct 21 17:53:41 2022,480
23.9,55.62,2,100%,Fri Oct 21 17:53:51 2022,481
23.92,55.82,2,100%,Fri Oct 21 17:54:01 2022,482
23.9,55.55,2,100%,Fri Oct 21 17:54:11 2022,483
23.92,55.09,2,100%,Fri Oct 21 17:54:21 2022,484
23.93,55.04,2,100%,Fri Oct 21 17:54:31 2022,485
23.92,55.46,2,100%,Fri Oct 21 17:54:41 2022,486
23.92,55.34,2,100%,Fri Oct 21 17:54:51 2022,487
23.9,55.72,2,100%,Fri Oct 21 17:55:01 2022,488
23.9,55.26,2,100%,Fri Oct 21 17:55:11 2022,489
23.9,55.24,2,100%,Fri Oct 21 17:55:21 2022,490
23.85,54.32,2,100%,Fri Oct 21 17:55:31 2022,491
22.22,50.07,2,100%,Mon Oct 24 12:58:49 2022,492
22.23,49.29,2,100%,Mon Oct 24 12:58:59 2022,493
22.23,48.8,2,100%,Mon Oct 24 12:59:09 2022,494
22.25,48.68,2,100%,Mon Oct 24 12:59:19 2022,495
22.26,48.51,2,100%,Mon Oct 24 12:59:29 2022,496
22.32,48.39,2,100%,Mon Oct 24 12:59:39 2022,497
22.36,48.29,2,100%,Mon Oct 24 12:59:49 2022,498
22.4,48.1,2,100%,Mon Oct 24 12:59:59 2022,499
22.46,47.93,2,100%,Mon Oct 24 13:00:09 2022,500
22.5,47.73,2,100%,Mon Oct 24 13:00:19 2022,501
22.56,47.51,2,100%,Mon Oct 24 13:00:30 2022,502
22.61,47.36,2,100%,Mon Oct 24 13:00:39 2022,503
22.66,47.17,2,100%,Mon Oct 24 13:00:49 2022,504
22.73,47,2,100%,Mon Oct 24 13:01:00 2022,505
22.75,46.85,2,100%,Mon Oct 24 13:01:10 2022,506
22.8,46.97,2,100%,Mon Oct 24 13:01:20 2022,507
22.85,47.07,2,100%,Mon Oct 24 13:01:30 2022,508
22.89,46.8,2,100%,Mon Oct 24 13:01:40 2022,509
22.96,46.55,2,100%,Mon Oct 24 13:01:50 2022,510
23,46.31,2,100%,Mon Oct 24 13:02:00 2022,511
23.06,46.14,2,100%,Mon Oct 24 13:02:10 2022,512
23.09,45.97,2,100%,Mon Oct 24 13:02:20 2022,513
23.1,45.77,2,100%,Mon Oct 24 13:02:30 2022,514
23.14,45.67,2,100%,Mon Oct 24 13:02:40 2022,515
23.17,45.55,2,100%,Mon Oct 24 13:02:50 2022,516
23.21,45.42,2,100%,Mon Oct 24 13:03:00 2022,517
23.27,45.35,2,100%,Mon Oct 24 13:03:10 2022,518
23.28,45.2,2,100%,Mon Oct 24 13:03:20 2022,519
23.3,45.08,2,100%,Mon Oct 24 13:03:30 2022,520
23.31,45.03,2,100%,Mon Oct 24 13:03:40 2022,521
23.35,44.96,2,100%,Mon Oct 24 13:03:50 2022,522
23.38,44.89,2,100%,Mon Oct 24 13:04:00 2022,523
23.4,44.79,2,100%,Mon Oct 24 13:04:10 2022,524
23.45,44.74,2,100%,Mon Oct 24 13:04:20 2022,525
23.5,44.59,2,100%,Mon Oct 24 13:04:31 2022,526
23.51,44.46,2,100%,Mon Oct 24 13:04:41 2022,527
23.54,44.37,2,100%,Mon Oct 24 13:04:51 2022,528
23.58,44.27,2,100%,Mon Oct 24 13:05:01 2022,529
23.61,44.17,2,100%,Mon Oct 24 13:05:11 2022,530
23.64,44.07,2,100%,Mon Oct 24 13:05:21 2022,531
23.66,44.03,2,100%,Mon Oct 24 13:05:31 2022,532
23.68,43.93,2,100%,Mon Oct 24 13:05:41 2022,533
23.68,43.88,2,100%,Mon Oct 24 13:05:51 2022,534
23.66,43.83,2,100%,Mon Oct 24 13:06:01 2022,535
23.65,43.83,2,100%,Mon Oct 24 13:06:11 2022,536
23.68,43.83,2,100%,Mon Oct 24 13:06:21 2022,537
23.69,43.83,2,100%,Mon Oct 24 13:06:31 2022,538
23.71,43.81,2,100%,Mon Oct 24 13:06:41 2022,539
29.25,32.84,2,100%,Tue Oct 25 17:33:00 2022,540
29.28,32.84,2,100%,Tue Oct 25 17:33:11 2022,541
29.31,32.81,2,100%,Tue Oct 25 17:33:21 2022,542
29.35,32.81,2,100%,Tue Oct 25 17:33:30 2022,543
29.38,32.78,2,100%,Tue Oct 25 17:33:40 2022,544
29.39,32.76,2,100%,Tue Oct 25 17:33:51 2022,545
29.43,32.71,2,100%,Tue Oct 25 17:34:00 2022,546
29.46,32.68,2,100%,Tue Oct 25 17:34:11 2022,547
29.48,32.66,2,100%,Tue Oct 25 17:34:21 2022,548
29.5,32.63,2,100%,Tue Oct 25 17:34:31 2022,549
29.55,32.61,2,100%,Tue Oct 25 17:34:41 2022,550
29.59,32.56,2,100%,Tue Oct 25 17:34:51 2022,551
29.63,32.54,2,100%,Tue Oct 25 17:35:01 2022,552
29.67,32.51,2,100%,Tue Oct 25 17:35:11 2022,553
29.71,32.51,2,100%,Tue Oct 25 17:35:21 2022,554
29.71,32.51,2,100%,Tue Oct 25 17:35:31 2022,555
29.74,32.51,2,100%,Tue Oct 25 17:35:41 2022,556
29.77,32.48,2,100%,Tue Oct 25 17:35:51 2022,557
29.8,32.46,2,100%,Tue Oct 25 17:36:02 2022,558
29.83,32.43,2,100%,Tue Oct 25 17:36:11 2022,559
29.84,32.43,2,100%,Tue Oct 25 17:36:21 2022,560
29.9,32.41,2,100%,Tue Oct 25 17:36:32 2022,561
29.9,32.41,2,100%,Tue Oct 25 17:36:41 2022,562
29.92,32.41,2,100%,Tue Oct 25 17:36:51 2022,563
29.94,32.36,2,100%,Tue Oct 25 17:37:02 2022,564
29.98,32.34,2,100%,Tue Oct 25 17:37:12 2022,565
30.02,32.31,2,100%,Tue Oct 25 17:37:22 2022,566
30.05,32.24,2,100%,Tue Oct 25 17:37:32 2022,567
30.06,32.21,2,100%,Tue Oct 25 17:37:42 2022,568
30.09,32.16,2,100%,Tue Oct 25 17:37:52 2022,569
30.1,32.13,2,100%,Tue Oct 25 17:38:02 2022,570
30.15,32.09,2,100%,Tue Oct 25 17:38:12 2022,571
30.17,32.06,2,100%,Tue Oct 25 17:38:22 2022,572
30.17,32.06,2,100%,Tue Oct 25 17:38:32 2022,573
30.2,31.69,2,100%,Tue Oct 25 17:38:42 2022,574
30.22,30.96,2,100%,Tue Oct 25 17:38:52 2022,575
30.23,30.99,2,100%,Tue Oct 25 17:39:02 2022,576
30.26,31.09,2,100%,Tue Oct 25 17:39:12 2022,577
30.29,31.14,2,100%,Tue Oct 25 17:39:22 2022,578
30.3,31.16,2,100%,Tue Oct 25 17:39:33 2022,579
30.33,31.16,2,100%,Tue Oct 25 17:39:42 2022,580
30.34,31.19,2,100%,Tue Oct 25 17:39:52 2022,581
30.34,31.19,2,100%,Tue Oct 25 17:40:02 2022,582
30.39,31.16,2,100%,Tue Oct 25 17:40:13 2022,583
30.4,31.16,2,100%,Tue Oct 25 17:40:23 2022,584
30.41,31.14,2,100%,Tue Oct 25 17:40:33 2022,585
30.43,31.09,2,100%,Tue Oct 25 17:40:43 2022,586
30.43,31.09,2,100%,Tue Oct 25 17:40:53 2022,587
30.44,31.06,2,100%,Tue Oct 25 17:41:03 2022,588
30.44,31.04,2,100%,Tue Oct 25 17:41:13 2022,589
30.46,31.04,2,100%,Tue Oct 25 17:41:23 2022,590
30.46,31.01,2,100%,Tue Oct 25 17:41:33 2022,591
30.46,30.99,2,100%,Tue Oct 25 17:41:43 2022,592
30.47,30.96,2,100%,Tue Oct 25 17:41:53 2022,593
30.48,30.94,2,100%,Tue Oct 25 17:42:03 2022,594
30.48,30.91,2,100%,Tue Oct 25 17:42:13 2022,595
30.53,30.91,2,100%,Tue Oct 25 17:42:23 2022,596
30.53,30.89,2,100%,Tue Oct 25 17:42:34 2022,597
30.43,29.96,2,100%,Tue Oct 25 17:42:43 2022,598
30.46,29.64,2,100%,Tue Oct 25 17:42:53 2022,599
30.57,30.11,2,100%,Tue Oct 25 17:43:04 2022,600
30.64,30.29,2,100%,Tue Oct 25 17:43:14 2022,601
30.72,30.46,2,100%,Tue Oct 25 17:43:24 2022,602
30.81,30.57,2,100%,Tue Oct 25 17:43:34 2022,603
30.89,30.66,2,100%,Tue Oct 25 17:43:44 2022,604
30.96,30.74,2,100%,Tue Oct 25 17:43:54 2022,605
31.03,30.82,2,100%,Tue Oct 25 17:44:04 2022,606
31.09,30.84,2,100%,Tue Oct 25 17:44:14 2022,607
31.16,30.91,2,100%,Tue Oct 25 17:44:24 2022,608
31.22,30.96,2,100%,Tue Oct 25 17:44:34 2022,609
31.29,31.01,2,100%,Tue Oct 25 17:44:44 2022,610
31.3,31.04,2,100%,Tue Oct 25 17:44:54 2022,611
31.35,31.06,2,100%,Tue Oct 25 17:45:04 2022,612
31.37,31.09,2,100%,Tue Oct 25 17:45:14 2022,613
31.41,31.11,2,100%,Tue Oct 25 17:45:24 2022,614
31.44,31.11,2,100%,Tue Oct 25 17:45:34 2022,615
31.49,31.16,2,100%,Tue Oct 25 17:45:44 2022,616
31.54,31.16,2,100%,Tue Oct 25 17:45:54 2022,617
31.52,31.21,2,100%,Tue Oct 25 17:46:05 2022,618
31.59,31.26,2,100%,Tue Oct 25 17:46:15 2022,619
31.63,31.26,2,100%,Tue Oct 25 17:46:24 2022,620
31.68,31.26,2,100%,Tue Oct 25 17:46:35 2022,621
31.72,31.31,2,100%,Tue Oct 25 17:46:45 2022,622
31.76,31.33,2,100%,Tue Oct 25 17:46:55 2022,623
31.79,31.31,2,100%,Tue Oct 25 17:47:05 2022,624
31.83,31.33,2,100%,Tue Oct 25 17:47:15 2022,625
31.87,31.33,2,100%,Tue Oct 25 17:47:25 2022,626
31.9,31.33,2,100%,Tue Oct 25 17:47:35 2022,627
31.92,31.31,2,100%,Tue Oct 25 17:47:45 2022,628
31.96,31.31,2,100%,Tue Oct 25 17:47:55 2022,629
31.99,31.31,2,100%,Tue Oct 25 17:48:05 2022,630
32.01,31.31,2,100%,Tue Oct 25 17:48:15 2022,631
32.04,31.29,2,100%,Tue Oct 25 17:48:25 2022,632
32.08,31.31,2,100%,Tue Oct 25 17:48:35 2022,633
32.11,31.29,2,100%,Tue Oct 25 17:48:45 2022,634
32.14,31.29,2,100%,Tue Oct 25 17:48:55 2022,635
32.18,31.26,2,100%,Tue Oct 25 17:49:05 2022,636
32.21,31.26,2,100%,Tue Oct 25 17:49:15 2022,637
32.23,31.24,2,100%,Tue Oct 25 17:49:25 2022,638
32.23,31.24,2,100%,Tue Oct 25 17:49:36 2022,639
32.24,31.24,2,100%,Tue Oct 25 17:49:45 2022,640
32.27,31.24,2,100%,Tue Oct 25 17:49:56 2022,641
32.28,31.21,2,100%,Tue Oct 25 17:50:06 2022,642
32.31,31.21,2,100%,Tue Oct 25 17:50:16 2022,643
32.34,31.21,2,100%,Tue Oct 25 17:50:26 2022,644
32.35,31.21,2,100%,Tue Oct 25 17:50:36 2022,645
32.37,31.19,2,100%,Tue Oct 25 17:50:46 2022,646
32.38,31.19,2,100%,Tue Oct 25 17:50:56 2022,647
32.41,31.21,2,100%,Tue Oct 25 17:51:06 2022,648
32.41,31.16,2,100%,Tue Oct 25 17:51:16 2022,649
32.44,31.19,2,100%,Tue Oct 25 17:51:26 2022,650
32.44,31.16,2,100%,Tue Oct 25 17:51:36 2022,651
32.44,31.16,2,100%,Tue Oct 25 17:51:46 2022,652
32.46,31.29,2,100%,Tue Oct 25 17:51:56 2022,653
32.91,32.98,2,100%,Tue Oct 25 17:52:06 2022,654
33.04,32.81,2,100%,Tue Oct 25 17:52:16 2022,655
33.15,32.81,2,100%,Tue Oct 25 17:52:26 2022,656
33.22,32.78,2,100%,Tue Oct 25 17:52:36 2022,657
33.28,32.06,2,100%,Tue Oct 25 17:52:46 2022,658
33.32,31.58,2,100%,Tue Oct 25 17:52:56 2022,659
33.35,31.71,2,100%,Tue Oct 25 17:53:07 2022,660
33.39,31.83,2,100%,Tue Oct 25 17:53:17 2022,661
33.43,31.96,2,100%,Tue Oct 25 17:53:27 2022,662
33.46,32.06,2,100%,Tue Oct 25 17:53:37 2022,663
33.52,32.11,2,100%,Tue Oct 25 17:53:47 2022,664
33.53,32.16,2,100%,Tue Oct 25 17:53:57 2022,665
33.56,32.21,2,100%,Tue Oct 25 17:54:07 2022,666
33.59,32.26,2,100%,Tue Oct 25 17:54:17 2022,667
33.63,32.31,2,100%,Tue Oct 25 17:54:27 2022,668
33.64,32.31,2,100%,Tue Oct 25 17:54:37 2022,669
33.67,32.34,2,100%,Tue Oct 25 17:54:47 2022,670
33.69,32.36,2,100%,Tue Oct 25 17:54:57 2022,671
33.71,32.36,2,100%,Tue Oct 25 17:55:07 2022,672
33.76,32.41,2,100%,Tue Oct 25 17:55:17 2022,673
33.77,32.41,2,100%,Tue Oct 25 17:55:27 2022,674
33.8,32.41,2,100%,Tue Oct 25 17:55:37 2022,675
33.81,32.43,2,100%,Tue Oct 25 17:55:47 2022,676
33.83,32.43,2,100%,Tue Oct 25 17:55:57 2022,677
33.84,32.43,2,100%,Tue Oct 25 17:56:07 2022,678
33.85,32.48,2,100%,Tue Oct 25 17:56:18 2022,679
33.88,32.43,2,100%,Tue Oct 25 17:56:28 2022,680
33.9,32.48,2,100%,Tue Oct 25 17:56:38 2022,681
33.91,32.48,2,100%,Tue Oct 25 17:56:48 2022,682
33.94,32.48,2,100%,Tue Oct 25 17:56:58 2022,683
33.95,32.48,2,100%,Tue Oct 25 17:57:08 2022,684
33.97,32.51,2,100%,Tue Oct 25 17:57:18 2022,685
33.98,32.51,2,100%,Tue Oct 25 17:57:28 2022,686
34.01,32.54,2,100%,Tue Oct 25 17:57:38 2022,687
34.02,32.56,2,100%,Tue Oct 25 17:57:48 2022,688
34.04,32.59,2,100%,Tue Oct 25 17:57:58 2022,689
34.04,32.59,2,100%,Tue Oct 25 17:58:08 2022,690
34.05,32.59,2,100%,Tue Oct 25 17:58:18 2022,691
34.08,32.59,2,100%,Tue Oct 25 17:58:28 2022,692
34.08,32.59,2,100%,Tue Oct 25 17:58:38 2022,693
34.08,32.61,2,100%,Tue Oct 25 17:58:48 2022,694
34.09,32.61,2,100%,Tue Oct 25 17:59:00 2022,695
34.12,32.63,2,100%,Tue Oct 25 17:59:08 2022,696
34.12,32.63,2,100%,Tue Oct 25 17:59:18 2022,697
34.15,32.63,2,100%,Tue Oct 25 17:59:28 2022,698
34.15,32.63,2,100%,Tue Oct 25 17:59:39 2022,699
34.16,32.66,2,100%,Tue Oct 25 17:59:49 2022,700
34.17,32.66,2,100%,Tue Oct 25 17:59:59 2022,701
34.17,32.66,2,100%,Tue Oct 25 18:00:09 2022,702
34.19,32.61,2,100%,Tue Oct 25 18:00:19 2022,703
34.2,32.61,2,100%,Tue Oct 25 18:00:29 2022,704
34.2,32.61,2,100%,Tue Oct 25 18:00:39 2022,705
34.23,32.61,2,100%,Tue Oct 25 18:00:49 2022,706
34.23,32.59,2,100%,Tue Oct 25 18:00:59 2022,707
34.24,32.59,2,100%,Tue Oct 25 18:01:09 2022,708
34.26,32.59,2,100%,Tue Oct 25 18:01:19 2022,709
34.27,32.59,2,100%,Tue Oct 25 18:01:29 2022,710
34.27,32.59,2,100%,Tue Oct 25 18:01:39 2022,711
34.29,32.59,2,100%,Tue Oct 25 18:01:49 2022,712
34.29,32.59,2,100%,Tue Oct 25 18:01:59 2022,713
34.3,32.59,2,100%,Tue Oct 25 18:02:09 2022,714
34.3,32.59,2,100%,Tue Oct 25 18:02:19 2022,715
34.31,32.59,2,100%,Tue Oct 25 18:02:29 2022,716
34.33,32.59,2,100%,Tue Oct 25 18:02:40 2022,717
34.33,32.59,2,100%,Tue Oct 25 18:02:49 2022,718
34.33,32.59,2,100%,Tue Oct 25 18:02:59 2022,719
34.3,32.68,2,100%,Tue Oct 25 18:03:10 2022,720
34.29,32.76,2,100%,Tue Oct 25 18:03:20 2022,721
34.27,32.81,2,100%,Tue Oct 25 18:03:30 2022,722
34.27,32.86,2,100%,Tue Oct 25 18:03:40 2022,723
34.27,32.88,2,100%,Tue Oct 25 18:03:50 2022,724
34.29,32.86,2,100%,Tue Oct 25 18:04:00 2022,725
34.29,32.84,2,100%,Tue Oct 25 18:04:10 2022,726
34.29,32.86,2,100%,Tue Oct 25 18:04:20 2022,727
34.29,32.86,2,100%,Tue Oct 25 18:04:30 2022,728
34.29,32.91,2,100%,Tue Oct 25 18:04:40 2022,729
28.93,31.16,[680],100%,Tue Oct 25 18:26:33 2022,730
28.86,30.84,[679],100%,Tue Oct 25 18:26:43 2022,731
28.8,30.61,[682],100%,Tue Oct 25 18:26:53 2022,732
28.77,30.46,[693],100%,Tue Oct 25 18:27:03 2022,733
28.73,30.64,[704],100%,Tue Oct 25 18:27:13 2022,734
28.64,30.86,[713],100%,Tue Oct 25 18:27:23 2022,735
28.57,34.08,[721],100%,Tue Oct 25 18:27:33 2022,736
28.53,32.91,[743],100%,Tue Oct 25 18:27:44 2022,737
28.47,31.83,[775],100%,Tue Oct 25 18:27:54 2022,738
28.44,31.56,[820],100%,Tue Oct 25 18:28:04 2022,739
28.37,34.08,[861],100%,Tue Oct 25 18:28:14 2022,740
28.27,34.43,[887],100%,Tue Oct 25 18:28:24 2022,741
28.14,35.5,[897],100%,Tue Oct 25 18:28:34 2022,742
28.1,34.18,[898],100%,Tue Oct 25 18:28:44 2022,743
28.07,33.26,[899],100%,Tue Oct 25 18:28:55 2022,744
28.06,33.61,[898],100%,Tue Oct 25 18:29:05 2022,745
27.99,33.93,[866],100%,Tue Oct 25 18:29:15 2022,746
27.92,35.27,[845],100%,Tue Oct 25 18:29:25 2022,747
27.9,34.43,[824],100%,Tue Oct 25 18:29:35 2022,748
27.89,34.3,[806],100%,Tue Oct 25 18:29:45 2022,749
27.89,35,[789],100%,Tue Oct 25 18:29:55 2022,750
27.86,35.25,[780],100%,Tue Oct 25 18:30:06 2022,751
27.83,34.06,[770],100%,Tue Oct 25 18:30:16 2022,752
27.86,33.51,[761],100%,Tue Oct 25 18:30:26 2022,753
27.9,33.23,[755],100%,Tue Oct 25 18:30:36 2022,754
27.89,34.8,[751],100%,Tue Oct 25 18:30:46 2022,755
27.86,33.88,[749],100%,Tue Oct 25 18:30:56 2022,756
27.85,35.08,[749],100%,Tue Oct 25 18:31:07 2022,757
27.79,34.38,[747],100%,Tue Oct 25 18:31:17 2022,758
27.76,36.14,[743],100%,Tue Oct 25 18:31:27 2022,759
27.75,34.55,[747],100%,Tue Oct 25 18:31:37 2022,760
27.79,33.35,[749],100%,Tue Oct 25 18:31:47 2022,761
27.8,33.26,[751],100%,Tue Oct 25 18:31:57 2022,762
27.76,34.9,[758],100%,Tue Oct 25 18:32:07 2022,763
27.65,35.3,[759],100%,Tue Oct 25 18:32:18 2022,764
27.61,36.07,[759],100%,Tue Oct 25 18:32:28 2022,765
27.59,34.62,[762],100%,Tue Oct 25 18:32:38 2022,766
27.56,35.47,[763],100%,Tue Oct 25 18:32:48 2022,767
27.49,36.29,[768],100%,Tue Oct 25 18:32:58 2022,768
27.42,36.02,[768],100%,Tue Oct 25 18:33:08 2022,769
27.34,37.71,[768],100%,Tue Oct 25 18:33:18 2022,770
27.27,37.98,[770],100%,Tue Oct 25 18:33:29 2022,771
27.23,37.26,[772],100%,Tue Oct 25 18:33:39 2022,772
27.2,37.76,[772],100%,Tue Oct 25 18:33:49 2022,773
27.16,37.95,[780],100%,Tue Oct 25 18:33:59 2022,774
27.13,37.23,[792],100%,Tue Oct 25 18:34:09 2022,775
27.1,37.65,[800],100%,Tue Oct 25 18:34:20 2022,776
27.09,39.31,[816],100%,Tue Oct 25 18:34:30 2022,777
27.17,38.94,[830],100%,Tue Oct 25 18:34:40 2022,778
27.18,36.29,[854],100%,Tue Oct 25 18:34:50 2022,779
27.31,34.92,[888],100%,Tue Oct 25 18:35:00 2022,780
27.44,34.43,[934],100%,Tue Oct 25 18:35:10 2022,781
27.52,34.33,[954],100%,Tue Oct 25 18:35:20 2022,782
27.61,34.08,[970],100%,Tue Oct 25 18:35:30 2022,783
27.9,32.61,1476,100%,Tue Oct 25 18:39:06 2022,784
27.9,32.93,1304,100%,Tue Oct 25 18:39:16 2022,785
27.92,33.18,1174,100%,Tue Oct 25 18:39:32 2022,786
27.92,34.13,1136,100%,Tue Oct 25 18:39:36 2022,787
27.89,34.45,1136,100%,Tue Oct 25 18:39:47 2022,788
27.9,33.51,1252,100%,Tue Oct 25 18:39:57 2022,789
27.92,32.66,1512,100%,Tue Oct 25 18:40:07 2022,790
27.94,32.81,1557,100%,Tue Oct 25 18:40:17 2022,791
27.94,32.43,1558,100%,Tue Oct 25 18:40:27 2022,792
27.96,32.59,1371,100%,Tue Oct 25 18:40:37 2022,793
27.97,32.78,1177,100%,Tue Oct 25 18:40:47 2022,794
28,32.63,1115,100%,Tue Oct 25 18:40:57 2022,795
28.03,32.91,1017,100%,Tue Oct 25 18:41:08 2022,796
28.03,32.48,950,100%,Tue Oct 25 18:41:18 2022,797
28.03,32.26,897,100%,Tue Oct 25 18:41:28 2022,798
31.02,76.35,860,100%,Tue Oct 25 18:41:38 2022,799
29.87,44.17,851,100%,Tue Oct 25 18:41:48 2022,800
29.1,32.09,847,100%,Tue Oct 25 18:41:58 2022,801
28.76,31.33,831,100%,Tue Oct 25 18:42:08 2022,802
28.56,31.61,813,100%,Tue Oct 25 18:42:19 2022,803
28.48,32.04,795,100%,Tue Oct 25 18:42:29 2022,804
28.4,31.99,782,100%,Tue Oct 25 18:42:39 2022,805
28.35,32.09,768,100%,Tue Oct 25 18:42:49 2022,806
28.3,31.94,760,100%,Tue Oct 25 18:42:59 2022,807
28.27,33.35,764,100%,Tue Oct 25 18:43:09 2022,808
28.27,32.63,772,100%,Tue Oct 25 18:43:19 2022,809
28.27,33.11,772,100%,Tue Oct 25 18:43:29 2022,810
28.25,32.24,779,100%,Tue Oct 25 18:43:40 2022,811
28.24,33.26,786,100%,Tue Oct 25 18:43:50 2022,812
28.27,32.46,827,100%,Tue Oct 25 18:44:00 2022,813
28.27,32.61,859,100%,Tue Oct 25 18:44:10 2022,814
28.25,32.09,869,100%,Tue Oct 25 18:44:20 2022,815
28.25,32.11,870,100%,Tue Oct 25 18:44:30 2022,816
28.25,32.34,870,100%,Tue Oct 25 18:44:41 2022,817
28.27,32.34,867,100%,Tue Oct 25 18:44:51 2022,818
28.25,31.88,844,100%,Tue Oct 25 18:45:01 2022,819
28.27,31.74,815,100%,Tue Oct 25 18:45:11 2022,820
23.33,50.07,829,100%,Wed Oct 26 11:50:40 2022,821
23.35,49.9,827,100%,Wed Oct 26 11:50:50 2022,822
26.29,74.25,827,100%,Wed Oct 26 11:51:00 2022,823
27.54,100,847,100%,Wed Oct 26 11:51:10 2022,824
25.38,100,1015,100%,Wed Oct 26 11:51:20 2022,825
24.58,100,1317,100%,Wed Oct 26 11:51:30 2022,826
24.2,76.09,1377,100%,Wed Oct 26 11:51:41 2022,827
24,67.56,1386,100%,Wed Oct 26 11:51:51 2022,828
23.9,63.88,1393,100%,Wed Oct 26 11:52:01 2022,829
23.89,54.48,1398,100%,Wed Oct 26 11:52:11 2022,830
23.88,50.51,1301,100%,Wed Oct 26 11:52:21 2022,831
23.89,49.83,1223,100%,Wed Oct 26 11:52:31 2022,832
24.3,97.41,1191,100%,Wed Oct 26 11:52:41 2022,833
25.48,92.24,1196,100%,Wed Oct 26 11:52:52 2022,834
24.28,80.28,1234,100%,Wed Oct 26 11:53:02 2022,835
24.17,64.45,1399,100%,Wed Oct 26 11:53:12 2022,836
24.17,54.92,1468,100%,Wed Oct 26 11:53:22 2022,837
24.19,51.54,1491,100%,Wed Oct 26 11:53:32 2022,838
24.16,50.12,1495,100%,Wed Oct 26 11:53:42 2022,839
24.17,49.61,1468,100%,Wed Oct 26 11:53:52 2022,840
24.11,48.71,1276,100%,Wed Oct 26 11:54:03 2022,841
24.09,48.56,1206,100%,Wed Oct 26 11:54:13 2022,842
24.1,49.29,1166,100%,Wed Oct 26 11:54:23 2022,843
24.13,48.73,1127,100%,Wed Oct 26 11:54:33 2022,844
24.14,48.22,1084,100%,Wed Oct 26 11:54:43 2022,845
24.2,48.24,1049,100%,Wed Oct 26 11:54:53 2022,846
24.2,47.97,1008,100%,Wed Oct 26 11:55:03 2022,847
24.2,47.88,981,100%,Wed Oct 26 11:55:14 2022,848
24.16,47.73,956,100%,Wed Oct 26 11:55:24 2022,849
24.2,48.95,933,100%,Wed Oct 26 11:55:34 2022,850
24.2,48.1,913,100%,Wed Oct 26 11:55:44 2022,851
24.23,49.17,899,100%,Wed Oct 26 11:55:54 2022,852
24.26,48.51,888,100%,Wed Oct 26 11:56:04 2022,853
24.23,48.88,881,100%,Wed Oct 26 11:56:14 2022,854
24.17,47.85,876,100%,Wed Oct 26 11:56:24 2022,855
24.23,47.63,870,100%,Wed Oct 26 11:56:35 2022,856
24.26,47.63,866,100%,Wed Oct 26 11:56:45 2022,857
24.28,48.95,864,100%,Wed Oct 26 11:56:55 2022,858
24.3,48.37,870,100%,Wed Oct 26 11:57:05 2022,859
24.34,48.56,880,100%,Wed Oct 26 11:57:15 2022,860
24.34,49.93,889,100%,Wed Oct 26 11:57:25 2022,861
24.36,50.25,899,100%,Wed Oct 26 11:57:35 2022,862
24.34,48.17,918,100%,Wed Oct 26 11:57:46 2022,863
24.38,48.8,943,100%,Wed Oct 26 11:57:56 2022,864
24.42,47.07,974,100%,Wed Oct 26 11:58:21 2022,865
24.43,46.92,975,100%,Wed Oct 26 11:58:31 2022,866
24.43,46.77,963,100%,Wed Oct 26 11:58:41 2022,867
24.41,46.75,959,100%,Wed Oct 26 11:58:51 2022,868
24.45,46.95,953,100%,Wed Oct 26 11:59:02 2022,869
24.45,46.72,929,100%,Wed Oct 26 11:59:12 2022,870
24.46,46.8,908,100%,Wed Oct 26 11:59:22 2022,871
24.43,47.24,890,100%,Wed Oct 26 11:59:32 2022,872
24.45,47.24,878,100%,Wed Oct 26 11:59:42 2022,873
24.48,46.72,863,100%,Wed Oct 26 12:00:12 2022,874
24.83,44.81,919,100%,Wed Oct 26 12:58:01 2022,875
24.87,45.25,923,100%,Wed Oct 26 12:58:11 2022,876
24.79,44.93,929,100%,Wed Oct 26 12:58:21 2022,877
24.77,44.79,932,100%,Wed Oct 26 12:58:32 2022,878
24.76,44.81,933,100%,Wed Oct 26 12:58:42 2022,879
24.69,44.96,935,100%,Wed Oct 26 12:58:52 2022,880
24.63,45.18,936,100%,Wed Oct 26 12:59:02 2022,881
24.63,46.09,940,100%,Wed Oct 26 12:59:12 2022,882
24.59,45.6,945,100%,Wed Oct 26 12:59:22 2022,883
24.58,45.58,946,100%,Wed Oct 26 12:59:33 2022,884
24.56,45.55,947,100%,Wed Oct 26 12:59:43 2022,885
24.55,45.53,950,100%,Wed Oct 26 12:59:53 2022,886
24.56,45.58,950,100%,Wed Oct 26 13:00:03 2022,887
24.56,45.5,951,100%,Wed Oct 26 13:00:13 2022,888
24.56,45.67,953,100%,Wed Oct 26 13:00:23 2022,889
24.56,45.77,954,100%,Wed Oct 26 13:00:33 2022,890
24.58,45.58,955,100%,Wed Oct 26 13:00:44 2022,891
24.56,45.37,954,100%,Wed Oct 26 13:00:54 2022,892
24.53,45.35,951,100%,Wed Oct 26 13:01:04 2022,893
24.56,45.4,950,100%,Wed Oct 26 13:01:14 2022,894
24.53,45.35,946,100%,Wed Oct 26 13:01:24 2022,895
24.5,45.35,942,100%,Wed Oct 26 13:01:34 2022,896
24.49,45.45,935,100%,Wed Oct 26 13:01:44 2022,897
24.49,45.5,933,100%,Wed Oct 26 13:01:55 2022,898
24.45,45.65,929,100%,Wed Oct 26 13:02:05 2022,899
24.46,45.75,928,100%,Wed Oct 26 13:02:15 2022,900
24.42,45.82,927,100%,Wed Oct 26 13:02:25 2022,901
24.48,45.97,923,100%,Wed Oct 26 13:02:35 2022,902
24.55,45.82,924,100%,Wed Oct 26 13:02:45 2022,903
24.56,45.5,930,100%,Wed Oct 26 13:02:56 2022,904
24.55,45.42,934,100%,Wed Oct 26 13:03:06 2022,905
24.58,45.6,936,100%,Wed Oct 26 13:03:16 2022,906
24.69,51.12,936,100%,Wed Oct 26 13:03:26 2022,907
24.63,46.63,942,100%,Wed Oct 26 13:03:36 2022,908
24.53,45.84,943,100%,Wed Oct 26 13:03:46 2022,909
24.48,45.84,948,100%,Wed Oct 26 13:03:56 2022,910
24.52,48.78,961,100%,Wed Oct 26 13:04:07 2022,911
24.84,61.14,975,100%,Wed Oct 26 13:04:17 2022,912
24.91,47.88,978,100%,Wed Oct 26 13:04:27 2022,913
24.86,45.37,980,100%,Wed Oct 26 13:04:37 2022,914
24.83,45.58,983,100%,Wed Oct 26 13:04:47 2022,915
24.79,45.25,986,100%,Wed Oct 26 13:04:57 2022,916
24.74,45.77,983,100%,Wed Oct 26 13:05:07 2022,917
24.76,46.8,973,100%,Wed Oct 26 13:05:17 2022,918
24.69,45.65,973,100%,Wed Oct 26 13:05:28 2022,919
24.69,45.35,968,100%,Wed Oct 26 13:05:38 2022,920
24.63,45.37,966,100%,Wed Oct 26 13:05:48 2022,921
24.62,45.47,963,100%,Wed Oct 26 13:05:58 2022,922
24.59,45.53,963,100%,Wed Oct 26 13:06:08 2022,923
24.63,45.53,961,100%,Wed Oct 26 13:06:18 2022,924
24.65,45.47,961,100%,Wed Oct 26 13:06:28 2022,925
24.66,45.35,960,100%,Wed Oct 26 13:06:39 2022,926
24.69,45.28,961,100%,Wed Oct 26 13:06:49 2022,927
24.62,45.3,962,100%,Wed Oct 26 13:06:59 2022,928
24.56,45.37,962,100%,Wed Oct 26 13:07:09 2022,929
24.53,45.33,964,100%,Wed Oct 26 13:07:19 2022,930
24.52,45.42,964,100%,Wed Oct 26 13:07:29 2022,931
24.53,45.45,963,100%,Wed Oct 26 13:07:39 2022,932
24.56,45.37,961,100%,Wed Oct 26 13:07:50 2022,933
24.56,45.4,963,100%,Wed Oct 26 13:08:00 2022,934
24.66,45.4,962,100%,Wed Oct 26 13:08:10 2022,935
24.66,45.2,961,100%,Wed Oct 26 13:08:20 2022,936
24.65,45.2,962,100%,Wed Oct 26 13:08:30 2022,937
24.62,45.18,956,100%,Wed Oct 26 13:08:40 2022,938
24.63,45.2,953,100%,Wed Oct 26 13:08:50 2022,939
24.62,45.2,948,100%,Wed Oct 26 13:09:00 2022,940
24.59,45.3,944,100%,Wed Oct 26 13:09:10 2022,941
24.59,45.3,941,100%,Wed Oct 26 13:09:21 2022,942
24.63,45.25,939,100%,Wed Oct 26 13:09:31 2022,943
24.67,45.25,935,100%,Wed Oct 26 13:09:41 2022,944
24.7,45.11,934,100%,Wed Oct 26 13:09:51 2022,945
24.76,44.98,931,100%,Wed Oct 26 13:10:01 2022,946
24.81,44.84,929,100%,Wed Oct 26 13:10:11 2022,947
24.84,44.69,928,100%,Wed Oct 26 13:10:21 2022,948
24.77,44.74,924,100%,Wed Oct 26 13:10:32 2022,949
24.76,44.79,922,100%,Wed Oct 26 13:10:42 2022,950
24.72,44.89,919,100%,Wed Oct 26 13:10:52 2022,951
24.72,44.96,920,100%,Wed Oct 26 13:11:02 2022,952
24.76,44.91,920,100%,Wed Oct 26 13:11:12 2022,953
24.8,44.76,922,100%,Wed Oct 26 13:11:22 2022,954
24.74,44.79,919,100%,Wed Oct 26 13:11:32 2022,955
24.72,44.89,917,100%,Wed Oct 26 13:11:43 2022,956
24.72,44.96,912,100%,Wed Oct 26 13:11:53 2022,957
24.65,44.98,912,100%,Wed Oct 26 13:12:03 2022,958
24.62,45.06,912,100%,Wed Oct 26 13:12:13 2022,959
24.6,45.11,911,100%,Wed Oct 26 13:12:23 2022,960
24.6,45.15,910,100%,Wed Oct 26 13:12:33 2022,961
24.65,45.11,907,100%,Wed Oct 26 13:12:43 2022,962
24.66,45.03,905,100%,Wed Oct 26 13:12:53 2022,963
24.69,44.98,903,100%,Wed Oct 26 13:13:04 2022,964
24.69,44.93,905,100%,Wed Oct 26 13:13:14 2022,965
24.73,44.91,903,100%,Wed Oct 26 13:13:24 2022,966
24.73,44.84,899,100%,Wed Oct 26 13:13:34 2022,967
24.74,44.81,900,100%,Wed Oct 26 13:13:44 2022,968
24.79,44.79,899,100%,Wed Oct 26 13:13:54 2022,969
24.76,44.84,899,100%,Wed Oct 26 13:14:04 2022,970
24.77,44.81,900,100%,Wed Oct 26 13:14:15 2022,971
24.73,44.79,900,100%,Wed Oct 26 13:14:25 2022,972
24.63,44.98,900,100%,Wed Oct 26 13:14:35 2022,973
24.59,45.08,899,100%,Wed Oct 26 13:14:45 2022,974
24.81,58.68,896,100%,Wed Oct 26 13:14:55 2022,975
25.05,59.54,898,100%,Wed Oct 26 13:15:05 2022,976
25.05,47.22,899,100%,Wed Oct 26 13:15:15 2022,977
24.97,44.93,899,100%,Wed Oct 26 13:15:26 2022,978
24.88,44.74,900,100%,Wed Oct 26 13:15:36 2022,979
24.81,44.69,899,100%,Wed Oct 26 13:15:46 2022,980
24.73,44.84,896,100%,Wed Oct 26 13:15:56 2022,981
24.69,44.98,894,100%,Wed Oct 26 13:16:06 2022,982
24.63,45.03,892,100%,Wed Oct 26 13:16:16 2022,983
24.6,45.11,890,100%,Wed Oct 26 13:16:26 2022,984
24.6,45.15,893,100%,Wed Oct 26 13:16:37 2022,985
24.59,45.33,894,100%,Wed Oct 26 13:16:47 2022,986
24.87,56.74,894,100%,Wed Oct 26 13:16:57 2022,987
25.29,65.34,894,100%,Wed Oct 26 13:17:07 2022,988
25.25,47.63,896,100%,Wed Oct 26 13:17:17 2022,989
25.17,44.52,902,100%,Wed Oct 26 13:17:27 2022,990
25.12,44.03,919,100%,Wed Oct 26 13:17:37 2022,991
25.08,43.98,933,100%,Wed Oct 26 13:17:48 2022,992
25.03,44.57,934,100%,Wed Oct 26 13:17:58 2022,993
25,44.52,939,100%,Wed Oct 26 13:18:08 2022,994
25.18,52.22,941,100%,Wed Oct 26 13:18:18 2022,995
25.57,63.01,944,100%,Wed Oct 26 13:18:28 2022,996
25.69,48.58,941,100%,Wed Oct 26 13:18:38 2022,997
25.69,43.6,932,100%,Wed Oct 26 13:18:48 2022,998
25.63,42.77,921,100%,Wed Oct 26 13:18:58 2022,999
25.53,42.82,911,100%,Wed Oct 26 13:19:09 2022,1000
25.46,42.89,904,100%,Wed Oct 26 13:19:19 2022,1001
25.36,43.07,900,100%,Wed Oct 26 13:19:29 2022,1002
25.26,43.88,898,100%,Wed Oct 26 13:19:39 2022,1003
25.31,47.85,893,100%,Wed Oct 26 13:19:49 2022,1004
25.24,44.37,892,100%,Wed Oct 26 13:19:59 2022,1005
25.43,60.9,887,100%,Wed Oct 26 13:20:09 2022,1006
25.63,60.07,881,100%,Wed Oct 26 13:20:19 2022,1007
25.69,56.96,881,100%,Wed Oct 26 13:20:30 2022,1008
25.46,45.42,876,100%,Wed Oct 26 13:20:40 2022,1009
25.24,44.81,872,100%,Wed Oct 26 13:20:50 2022,1010
25.1,44.07,866,100%,Wed Oct 26 13:21:00 2022,1011
25.04,44.2,853,100%,Wed Oct 26 13:21:10 2022,1012
24.97,44.22,851,100%,Wed Oct 26 13:21:20 2022,1013
24.96,44.24,837,100%,Wed Oct 26 13:21:30 2022,1014
24.98,44.17,843,100%,Wed Oct 26 13:21:40 2022,1015
25,44.1,926,100%,Wed Oct 26 13:21:51 2022,1016
25.03,44.03,920,100%,Wed Oct 26 13:22:01 2022,1017
25.03,43.93,863,100%,Wed Oct 26 13:22:11 2022,1018
25.04,43.9,919,100%,Wed Oct 26 13:22:21 2022,1019
25.1,43.98,908,100%,Wed Oct 26 13:22:31 2022,1020
25.07,43.9,744,100%,Wed Oct 26 13:22:41 2022,1021
25.11,43.81,941,100%,Wed Oct 26 13:22:52 2022,1022
25.12,43.73,895,100%,Wed Oct 26 13:23:02 2022,1023
25.07,43.76,886,100%,Wed Oct 26 13:23:12 2022,1024
24.98,43.83,923,100%,Wed Oct 26 13:23:22 2022,1025
24.93,44,835,100%,Wed Oct 26 13:23:32 2022,1026
24.97,44.2,906,100%,Wed Oct 26 13:23:42 2022,1027
25.03,44.37,961,100%,Wed Oct 26 13:23:52 2022,1028
25.04,44.07,832,100%,Wed Oct 26 13:24:02 2022,1029
25.08,44,915,100%,Wed Oct 26 13:24:12 2022,1030
25.11,43.9,967,100%,Wed Oct 26 13:24:23 2022,1031
25.14,43.78,928,100%,Wed Oct 26 13:24:33 2022,1032
25.19,44.84,855,100%,Wed Oct 26 13:24:43 2022,1033
25.19,44.2,905,100%,Wed Oct 26 13:24:53 2022,1034
25.18,44.42,889,100%,Wed Oct 26 13:25:03 2022,1035
25.18,44.03,906,100%,Wed Oct 26 13:25:13 2022,1036
25.17,43.76,904,100%,Wed Oct 26 13:25:23 2022,1037
25.15,43.56,906,100%,Wed Oct 26 13:25:34 2022,1038
25.14,43.66,915,100%,Wed Oct 26 13:25:44 2022,1039
25.14,43.73,912,100%,Wed Oct 26 13:25:54 2022,1040
25.12,43.76,911,100%,Wed Oct 26 13:26:04 2022,1041
25.11,43.9,919,100%,Wed Oct 26 13:26:14 2022,1042
24.98,43.9,922,100%,Wed Oct 26 13:26:24 2022,1043
24.9,44.1,924,100%,Wed Oct 26 13:26:34 2022,1044
30.71,33.16,766,100%,Wed Oct 26 15:11:37 2022,1045
30.65,33.73,750,100%,Wed Oct 26 15:11:47 2022,1046
30.41,34.2,740,100%,Wed Oct 26 15:11:57 2022,1047
30.32,34.67,730,100%,Wed Oct 26 15:12:07 2022,1048
30.27,34.65,735,100%,Wed Oct 26 15:12:17 2022,1049
30.2,34.53,729,100%,Wed Oct 26 15:12:27 2022,1050
30.17,34.45,723,100%,Wed Oct 26 15:12:37 2022,1051
30.25,34.25,714,100%,Wed Oct 26 15:12:48 2022,1052
30.2,34.85,709,100%,Wed Oct 26 15:12:58 2022,1053
30.19,34.87,704,100%,Wed Oct 26 15:13:08 2022,1054
30.19,34.23,702,100%,Wed Oct 26 15:13:18 2022,1055
30.17,34.06,697,100%,Wed Oct 26 15:13:28 2022,1056
30.05,35.55,693,100%,Wed Oct 26 15:13:38 2022,1057
29.99,35.27,691,100%,Wed Oct 26 15:13:48 2022,1058
30.02,35.77,682,100%,Wed Oct 26 15:13:59 2022,1059
30.03,34.45,672,100%,Wed Oct 26 15:14:09 2022,1060
30.02,34.38,662,100%,Wed Oct 26 15:14:19 2022,1061
29.99,34.35,656,100%,Wed Oct 26 15:14:29 2022,1062
29.98,34.33,649,100%,Wed Oct 26 15:14:39 2022,1063
29.86,35.52,642,100%,Wed Oct 26 15:14:49 2022,1064
29.8,36.39,637,100%,Wed Oct 26 15:14:59 2022,1065
29.74,36.46,629,100%,Wed Oct 26 15:15:10 2022,1066
29.64,35.37,625,100%,Wed Oct 26 15:15:20 2022,1067
29.64,35.2,620,100%,Wed Oct 26 15:15:30 2022,1068
29.69,35.27,614,100%,Wed Oct 26 15:15:40 2022,1069
29.66,35.42,613,100%,Wed Oct 26 15:15:50 2022,1070
29.62,35.45,614,100%,Wed Oct 26 15:16:00 2022,1071
29.55,35.62,613,100%,Wed Oct 26 15:16:10 2022,1072
29.52,35.52,609,100%,Wed Oct 26 15:16:21 2022,1073
29.48,36.14,613,100%,Wed Oct 26 15:16:31 2022,1074
29.35,35.94,612,100%,Wed Oct 26 15:16:41 2022,1075
29.35,35.8,615,100%,Wed Oct 26 15:16:51 2022,1076
29.4,35.6,616,100%,Wed Oct 26 15:17:01 2022,1077
29.49,35.64,623,100%,Wed Oct 26 15:17:11 2022,1078
29.5,35.62,625,100%,Wed Oct 26 15:17:21 2022,1079
29.49,35.77,624,100%,Wed Oct 26 15:17:32 2022,1080
29.55,35.47,623,100%,Wed Oct 26 15:17:42 2022,1081
29.49,36.19,622,100%,Wed Oct 26 15:17:52 2022,1082
29.48,35.6,620,100%,Wed Oct 26 15:18:02 2022,1083
29.49,35.92,620,100%,Wed Oct 26 15:18:12 2022,1084
29.5,36.24,622,100%,Wed Oct 26 15:18:22 2022,1085
29.53,35.94,620,100%,Wed Oct 26 15:18:32 2022,1086
29.46,36.27,616,100%,Wed Oct 26 15:18:43 2022,1087
29.45,36.02,612,100%,Wed Oct 26 15:18:53 2022,1088
29.4,35.57,610,100%,Wed Oct 26 15:19:03 2022,1089
29.43,35.64,608,100%,Wed Oct 26 15:19:13 2022,1090
29.45,35.42,608,100%,Wed Oct 26 15:19:23 2022,1091
29.48,35.37,605,100%,Wed Oct 26 15:19:33 2022,1092
29.52,35.27,606,100%,Wed Oct 26 15:19:43 2022,1093
29.49,35.25,603,100%,Wed Oct 26 15:19:54 2022,1094
29.46,35.3,601,100%,Wed Oct 26 15:20:04 2022,1095
29.35,35.52,602,100%,Wed Oct 26 15:20:14 2022,1096
29.31,35.8,600,100%,Wed Oct 26 15:20:24 2022,1097
29.32,35.82,600,100%,Wed Oct 26 15:20:34 2022,1098
29.33,35.87,592,100%,Wed Oct 26 15:20:44 2022,1099
29.39,35.69,585,100%,Wed Oct 26 15:20:55 2022,1100
29.35,35.75,584,100%,Wed Oct 26 15:21:05 2022,1101
29.36,36.02,587,100%,Wed Oct 26 15:21:15 2022,1102
29.26,36.29,587,100%,Wed Oct 26 15:21:25 2022,1103
29.25,36.14,589,100%,Wed Oct 26 15:21:35 2022,1104
29.26,36.61,587,100%,Wed Oct 26 15:21:45 2022,1105
29.22,36.29,588,100%,Wed Oct 26 15:21:55 2022,1106
29.25,37.48,588,100%,Wed Oct 26 15:22:06 2022,1107
29.19,36.09,588,100%,Wed Oct 26 15:22:16 2022,1108
29.24,36.02,591,100%,Wed Oct 26 15:22:26 2022,1109
29.29,35.89,596,100%,Wed Oct 26 15:22:36 2022,1110
29.35,35.92,594,100%,Wed Oct 26 15:22:46 2022,1111
29.22,36.27,592,100%,Wed Oct 26 15:22:56 2022,1112
29.21,37.16,594,100%,Wed Oct 26 15:23:06 2022,1113
29.25,36.69,597,100%,Wed Oct 26 15:23:17 2022,1114
29.31,35.89,598,100%,Wed Oct 26 15:23:27 2022,1115
29.31,35.97,603,100%,Wed Oct 26 15:23:37 2022,1116
29.26,35.89,605,100%,Wed Oct 26 15:23:47 2022,1117
29.26,35.69,604,100%,Wed Oct 26 15:23:57 2022,1118
29.25,35.85,605,100%,Wed Oct 26 15:24:07 2022,1119
29.26,36.27,604,100%,Wed Oct 26 15:24:17 2022,1120
29.33,36.04,609,100%,Wed Oct 26 15:24:28 2022,1121
29.31,36.17,611,100%,Wed Oct 26 15:24:38 2022,1122
29.28,35.77,610,100%,Wed Oct 26 15:24:48 2022,1123
29.26,35.69,609,100%,Wed Oct 26 15:24:58 2022,1124
29.28,35.67,610,100%,Wed Oct 26 15:25:08 2022,1125
29.31,35.67,608,100%,Wed Oct 26 15:25:18 2022,1126
29.28,36.02,605,100%,Wed Oct 26 15:25:28 2022,1127
29.26,36.19,603,100%,Wed Oct 26 15:25:39 2022,1128
29.32,35.77,602,100%,Wed Oct 26 15:25:49 2022,1129
29.35,35.55,603,100%,Wed Oct 26 15:25:59 2022,1130
29.32,35.6,604,100%,Wed Oct 26 15:26:09 2022,1131
29.38,35.85,603,100%,Wed Oct 26 15:26:19 2022,1132
29.38,35.72,605,100%,Wed Oct 26 15:26:29 2022,1133
29.35,35.47,600,100%,Wed Oct 26 15:26:39 2022,1134
29.33,35.85,598,100%,Wed Oct 26 15:26:50 2022,1135
29.32,36.19,599,100%,Wed Oct 26 15:27:00 2022,1136
29.35,35.92,600,100%,Wed Oct 26 15:27:10 2022,1137
29.36,35.8,603,100%,Wed Oct 26 15:27:20 2022,1138
29.36,35.87,605,100%,Wed Oct 26 15:27:30 2022,1139
29.35,35.85,603,100%,Wed Oct 26 15:27:40 2022,1140
29.35,35.75,602,100%,Wed Oct 26 15:27:50 2022,1141
29.32,35.82,603,100%,Wed Oct 26 15:28:01 2022,1142
29.32,37.8,605,100%,Wed Oct 26 15:28:27 2022,1143
29.32,38.47,616,100%,Wed Oct 26 15:28:37 2022,1144
29.29,36.83,628,100%,Wed Oct 26 15:28:47 2022,1145
29.35,35.94,660,100%,Wed Oct 26 15:28:57 2022,1146
29.4,35.77,736,100%,Wed Oct 26 15:29:24 2022,1147
29.39,35.89,746,100%,Wed Oct 26 15:29:34 2022,1148
29.35,35.92,748,100%,Wed Oct 26 15:29:44 2022,1149
29.42,35.85,753,100%,Wed Oct 26 15:29:54 2022,1150
29.49,35.52,748,100%,Wed Oct 26 15:30:04 2022,1151
29.56,35.4,719,100%,Wed Oct 26 15:30:14 2022,1152
29.62,35.1,656,100%,Wed Oct 26 15:30:41 2022,1153
29.62,35.17,638,100%,Wed Oct 26 15:30:51 2022,1154
29.63,35.97,626,100%,Wed Oct 26 15:31:01 2022,1155
29.69,35.32,622,100%,Wed Oct 26 15:31:11 2022,1156
29.76,35.08,619,100%,Wed Oct 26 15:31:21 2022,1157
29.76,34.97,615,100%,Wed Oct 26 15:31:32 2022,1158
29.71,35.13,608,100%,Wed Oct 26 15:31:42 2022,1159
29.71,34.97,603,100%,Wed Oct 26 15:31:52 2022,1160
29.76,35.75,599,100%,Wed Oct 26 15:32:02 2022,1161
29.76,35.34,604,100%,Wed Oct 26 15:32:12 2022,1162
29.7,35.1,604,100%,Wed Oct 26 15:32:22 2022,1163
29.64,35.34,603,100%,Wed Oct 26 15:32:32 2022,1164
29.63,35.02,603,100%,Wed Oct 26 15:32:42 2022,1165
29.64,35.55,604,100%,Wed Oct 26 15:32:53 2022,1166
29.59,35.85,605,100%,Wed Oct 26 15:33:03 2022,1167
29.49,35.85,608,100%,Wed Oct 26 15:33:13 2022,1168
29.5,35.62,617,100%,Wed Oct 26 15:33:23 2022,1169
29.63,35.69,624,100%,Wed Oct 26 15:33:33 2022,1170
29.64,35.37,633,100%,Wed Oct 26 15:33:43 2022,1171
29.7,35.1,636,100%,Wed Oct 26 15:34:09 2022,1172
29.71,34.75,637,100%,Wed Oct 26 15:34:20 2022,1173
29.73,34.78,634,100%,Wed Oct 26 15:34:30 2022,1174
29.71,35.6,629,100%,Wed Oct 26 15:34:40 2022,1175
29.76,35.64,632,100%,Wed Oct 26 15:34:50 2022,1176
29.76,35.02,630,100%,Wed Oct 26 15:35:00 2022,1177
29.84,34.87,628,100%,Wed Oct 26 15:35:10 2022,1178
29.84,35.1,621,100%,Wed Oct 26 15:35:20 2022,1179
29.78,35.22,618,100%,Wed Oct 26 15:35:31 2022,1180
29.88,35.1,620,100%,Wed Oct 26 15:35:41 2022,1181
29.83,35.17,624,100%,Wed Oct 26 15:35:51 2022,1182
29.84,34.92,623,100%,Wed Oct 26 15:36:01 2022,1183
29.8,34.78,623,100%,Wed Oct 26 15:36:11 2022,1184
29.78,34.8,620,100%,Wed Oct 26 15:36:21 2022,1185
29.78,35.4,616,100%,Wed Oct 26 15:36:31 2022,1186
29.8,34.92,615,100%,Wed Oct 26 15:36:42 2022,1187
29.73,34.7,612,100%,Wed Oct 26 15:36:52 2022,1188
29.74,35.1,615,100%,Wed Oct 26 15:37:02 2022,1189
29.86,44.17,616,100%,Wed Oct 26 15:37:12 2022,1190
29.96,42.67,619,100%,Wed Oct 26 15:37:22 2022,1191
29.92,36.19,619,100%,Wed Oct 26 15:37:32 2022,1192
29.86,35.69,621,100%,Wed Oct 26 15:37:42 2022,1193
29.87,36.14,623,100%,Wed Oct 26 15:37:53 2022,1194
29.87,35.69,635,100%,Wed Oct 26 15:38:03 2022,1195
29.86,36.52,649,100%,Wed Oct 26 15:38:13 2022,1196
29.77,36.04,663,100%,Wed Oct 26 15:38:23 2022,1197
29.69,35.69,673,100%,Wed Oct 26 15:38:33 2022,1198
29.64,36.71,695,100%,Wed Oct 26 15:38:43 2022,1199
29.63,35.77,712,100%,Wed Oct 26 15:38:53 2022,1200
29.64,35.55,714,100%,Wed Oct 26 15:39:03 2022,1201
29.53,35.42,719,100%,Wed Oct 26 15:39:14 2022,1202
29.5,36.61,712,100%,Wed Oct 26 15:39:24 2022,1203
29.49,37.13,710,100%,Wed Oct 26 15:39:34 2022,1204
29.5,37.23,704,100%,Wed Oct 26 15:39:44 2022,1205
29.53,36.14,696,100%,Wed Oct 26 15:39:54 2022,1206
29.56,36.64,689,100%,Wed Oct 26 15:40:04 2022,1207
29.52,36.46,685,100%,Wed Oct 26 15:40:14 2022,1208
29.53,36.94,677,100%,Wed Oct 26 15:40:25 2022,1209
29.52,35.62,669,100%,Wed Oct 26 15:40:35 2022,1210
29.42,35.6,659,100%,Wed Oct 26 15:40:45 2022,1211
29.42,35.72,651,100%,Wed Oct 26 15:40:55 2022,1212
29.39,35.87,647,100%,Wed Oct 26 15:41:05 2022,1213
29.26,35.99,638,100%,Wed Oct 26 15:41:15 2022,1214
29.33,36.02,631,100%,Wed Oct 26 15:41:26 2022,1215
29.38,35.94,626,100%,Wed Oct 26 15:41:36 2022,1216
29.36,36.41,626,100%,Wed Oct 26 15:41:46 2022,1217
29.45,36.34,627,100%,Wed Oct 26 15:41:56 2022,1218
29.45,35.69,619,100%,Wed Oct 26 15:42:06 2022,1219
29.33,36.81,614,100%,Wed Oct 26 15:42:16 2022,1220
29.39,35.85,605,100%,Wed Oct 26 15:42:26 2022,1221
29.35,35.77,605,100%,Wed Oct 26 15:42:36 2022,1222
29.33,36.17,603,100%,Wed Oct 26 15:42:47 2022,1223
29.32,35.87,605,100%,Wed Oct 26 15:42:57 2022,1224
29.32,35.82,598,100%,Wed Oct 26 15:43:07 2022,1225
29.21,35.92,592,100%,Wed Oct 26 15:43:17 2022,1226
29.17,36.07,593,100%,Wed Oct 26 15:43:27 2022,1227
29.22,36.14,591,100%,Wed Oct 26 15:43:37 2022,1228
29.24,36.36,588,100%,Wed Oct 26 15:43:47 2022,1229
29.17,36.76,583,100%,Wed Oct 26 15:43:57 2022,1230
29.17,36.49,582,100%,Wed Oct 26 15:44:08 2022,1231
29.14,38.25,584,100%,Wed Oct 26 15:44:18 2022,1232
29.1,37.68,585,100%,Wed Oct 26 15:44:28 2022,1233
29.02,37.41,584,100%,Wed Oct 26 15:44:38 2022,1234
29,36.81,588,100%,Wed Oct 26 15:44:48 2022,1235
29,36.99,588,100%,Wed Oct 26 15:44:58 2022,1236
28.95,36.91,589,100%,Wed Oct 26 15:45:08 2022,1237
28.94,36.94,592,100%,Wed Oct 26 15:45:19 2022,1238
28.93,37.21,594,100%,Wed Oct 26 15:45:29 2022,1239
28.98,37.98,598,100%,Wed Oct 26 15:45:39 2022,1240
29.02,37.41,602,100%,Wed Oct 26 15:45:49 2022,1241
29,36.94,598,100%,Wed Oct 26 15:45:59 2022,1242
29.04,37.36,598,100%,Wed Oct 26 15:46:09 2022,1243
29.07,37.01,603,100%,Wed Oct 26 15:46:19 2022,1244
29.17,36.36,605,100%,Wed Oct 26 15:46:29 2022,1245
29.17,36.49,609,100%,Wed Oct 26 15:46:40 2022,1246
29.11,36.64,612,100%,Wed Oct 26 15:46:50 2022,1247
29.08,36.74,614,100%,Wed Oct 26 15:47:00 2022,1248
29.01,36.89,619,100%,Wed Oct 26 15:47:10 2022,1249
29.05,37.16,625,100%,Wed Oct 26 15:47:20 2022,1250
29.1,37.23,625,100%,Wed Oct 26 15:47:30 2022,1251
29.04,37.11,630,100%,Wed Oct 26 15:47:40 2022,1252
29.02,37.01,636,100%,Wed Oct 26 15:47:50 2022,1253
29.04,36.71,637,100%,Wed Oct 26 15:48:01 2022,1254
29.02,36.83,638,100%,Wed Oct 26 15:48:11 2022,1255
29,37.01,637,100%,Wed Oct 26 15:48:21 2022,1256
28.98,37.04,635,100%,Wed Oct 26 15:48:31 2022,1257
28.97,37.26,631,100%,Wed Oct 26 15:48:41 2022,1258
28.98,36.96,625,100%,Wed Oct 26 15:48:51 2022,1259
29.01,36.94,622,100%,Wed Oct 26 15:49:01 2022,1260
28.98,36.89,621,100%,Wed Oct 26 15:49:12 2022,1261
29.04,36.86,618,100%,Wed Oct 26 15:49:22 2022,1262
29.1,36.96,618,100%,Wed Oct 26 15:49:32 2022,1263
29.17,36.29,617,100%,Wed Oct 26 15:49:42 2022,1264
29.22,37.04,615,100%,Wed Oct 26 15:49:52 2022,1265
29.14,36.59,614,100%,Wed Oct 26 15:50:02 2022,1266
29.15,36.74,616,100%,Wed Oct 26 15:50:12 2022,1267
29.1,36.61,614,100%,Wed Oct 26 15:50:22 2022,1268
29.07,38.74,614,100%,Wed Oct 26 15:50:33 2022,1269
29.1,37.51,618,100%,Wed Oct 26 15:50:43 2022,1270
29.01,36.74,623,100%,Wed Oct 26 15:50:53 2022,1271
29.02,36.99,628,100%,Wed Oct 26 15:51:03 2022,1272
28.97,37.6,631,100%,Wed Oct 26 15:51:13 2022,1273
28.95,37.71,637,100%,Wed Oct 26 15:51:23 2022,1274
28.98,37.46,639,100%,Wed Oct 26 15:51:33 2022,1275
29.02,38.57,642,100%,Wed Oct 26 15:51:44 2022,1276
29.02,37.29,648,100%,Wed Oct 26 15:51:54 2022,1277
29.14,37.83,661,100%,Wed Oct 26 15:52:24 2022,1278
29.02,36.94,660,100%,Wed Oct 26 15:52:34 2022,1279
28.97,37.11,659,100%,Wed Oct 26 15:52:44 2022,1280
28.88,37.73,659,100%,Wed Oct 26 15:52:54 2022,1281
28.97,37.13,655,100%,Wed Oct 26 15:53:05 2022,1282
29.01,37.06,652,100%,Wed Oct 26 15:53:15 2022,1283
28.98,37.41,653,100%,Wed Oct 26 15:53:25 2022,1284
29.01,36.94,648,100%,Wed Oct 26 15:53:35 2022,1285
29.07,36.49,645,100%,Wed Oct 26 15:53:45 2022,1286
29.08,36.61,637,100%,Wed Oct 26 15:53:55 2022,1287
29.11,37.16,633,100%,Wed Oct 26 15:54:05 2022,1288
29.17,36.64,628,100%,Wed Oct 26 15:54:15 2022,1289
29.18,36.81,624,100%,Wed Oct 26 15:54:26 2022,1290
29.22,36.44,619,100%,Wed Oct 26 15:54:36 2022,1291
29.21,36.07,623,100%,Wed Oct 26 15:54:46 2022,1292
28.87,37.55,640,100%,Wed Oct 26 15:58:11 2022,1293
28.91,37.73,635,100%,Wed Oct 26 15:58:22 2022,1294
28.9,37.11,631,100%,Wed Oct 26 15:58:32 2022,1295
28.88,37.21,629,100%,Wed Oct 26 15:58:42 2022,1296
28.9,37.73,622,100%,Wed Oct 26 15:58:52 2022,1297
28.9,37.76,625,100%,Wed Oct 26 15:59:02 2022,1298
28.88,37.13,620,100%,Wed Oct 26 15:59:12 2022,1299
28.88,37.04,621,100%,Wed Oct 26 15:59:22 2022,1300
29.02,36.79,614,100%,Wed Oct 26 15:59:32 2022,1301
29.08,36.66,611,100%,Wed Oct 26 15:59:43 2022,1302
29.01,37.55,611,100%,Wed Oct 26 15:59:53 2022,1303
28.95,37.8,605,100%,Wed Oct 26 16:00:03 2022,1304
29.05,36.94,602,100%,Wed Oct 26 16:00:13 2022,1305
29.12,36.94,596,100%,Wed Oct 26 16:00:23 2022,1306
29.17,36.79,593,100%,Wed Oct 26 16:00:33 2022,1307
29.21,36.79,591,100%,Wed Oct 26 16:00:43 2022,1308
29.17,37.23,590,100%,Wed Oct 26 16:00:54 2022,1309
29.19,36.49,589,100%,Wed Oct 26 16:01:04 2022,1310
24.56,40.94,858,100%,Thu Nov  3 11:05:56 2022,1311
24.55,40.82,858,100%,Thu Nov  3 11:06:06 2022,1312
24.52,40.89,860,100%,Thu Nov  3 11:06:16 2022,1313
24.5,40.72,863,100%,Thu Nov  3 11:06:26 2022,1314
24.48,40.6,865,100%,Thu Nov  3 11:06:36 2022,1315
24.46,40.5,865,100%,Thu Nov  3 11:06:47 2022,1316
24.43,40.72,867,100%,Thu Nov  3 11:06:57 2022,1317
24.42,40.7,868,100%,Thu Nov  3 11:07:07 2022,1318
24.39,40.89,865,100%,Thu Nov  3 11:07:17 2022,1319
24.38,40.84,865,100%,Thu Nov  3 11:07:27 2022,1320
24.36,40.7,864,100%,Thu Nov  3 11:07:37 2022,1321
24.35,40.82,863,100%,Thu Nov  3 11:07:47 2022,1322
24.34,40.99,860,100%,Thu Nov  3 11:07:58 2022,1323
24.31,41.17,858,100%,Thu Nov  3 11:08:08 2022,1324
24.3,41.31,859,100%,Thu Nov  3 11:08:18 2022,1325
24.3,41.22,859,100%,Thu Nov  3 11:08:28 2022,1326
24.27,41.22,856,100%,Thu Nov  3 11:08:38 2022,1327
24.27,41.27,857,100%,Thu Nov  3 11:08:48 2022,1328
24.26,41.27,858,100%,Thu Nov  3 11:08:59 2022,1329
24.26,41.56,856,100%,Thu Nov  3 11:09:09 2022,1330
24.24,41.31,859,100%,Thu Nov  3 11:09:19 2022,1331
24.23,41.31,857,100%,Thu Nov  3 11:09:29 2022,1332
24.23,41.31,857,100%,Thu Nov  3 11:09:39 2022,1333
24.21,41.34,860,100%,Thu Nov  3 11:09:49 2022,1334
24.21,41.24,860,100%,Thu Nov  3 11:09:59 2022,1335
24.21,41.14,865,100%,Thu Nov  3 11:10:10 2022,1336
24.21,41.14,865,100%,Thu Nov  3 11:10:20 2022,1337
24.21,41.41,862,100%,Thu Nov  3 11:10:30 2022,1338
24.21,41.44,866,100%,Thu Nov  3 11:10:40 2022,1339
24.2,41.31,867,100%,Thu Nov  3 11:10:50 2022,1340
24.2,41.41,865,100%,Thu Nov  3 11:11:00 2022,1341
24.2,41.24,867,100%,Thu Nov  3 11:11:10 2022,1342
24.2,41.17,869,100%,Thu Nov  3 11:11:20 2022,1343
24.2,41.29,869,100%,Thu Nov  3 11:11:31 2022,1344
24.19,41.34,871,100%,Thu Nov  3 11:11:41 2022,1345
24.19,41.29,871,100%,Thu Nov  3 11:11:51 2022,1346
24.19,41.09,876,100%,Thu Nov  3 11:12:01 2022,1347
24.17,41.19,882,100%,Thu Nov  3 11:12:30 2022,1348
24.19,41.27,882,100%,Thu Nov  3 11:12:40 2022,1349
24.19,41.17,881,100%,Thu Nov  3 11:12:50 2022,1350
24.17,40.97,878,100%,Thu Nov  3 11:13:00 2022,1351
24.19,41.14,873,100%,Thu Nov  3 11:13:10 2022,1352
24.19,41.14,868,100%,Thu Nov  3 11:13:20 2022,1353
24.19,41.14,862,100%,Thu Nov  3 11:13:31 2022,1354
24.2,41.12,858,100%,Thu Nov  3 11:13:41 2022,1355
24.21,41.27,854,100%,Thu Nov  3 11:13:51 2022,1356
24.23,41.39,849,100%,Thu Nov  3 11:14:01 2022,1357
24.21,41.27,850,100%,Thu Nov  3 11:14:11 2022,1358
24.23,41.29,849,100%,Thu Nov  3 11:14:21 2022,1359
24.21,41.46,849,100%,Thu Nov  3 11:14:32 2022,1360
24.23,41.31,852,100%,Thu Nov  3 11:14:42 2022,1361
24.23,41.24,853,100%,Thu Nov  3 11:14:52 2022,1362
24.23,41.22,857,100%,Thu Nov  3 11:15:02 2022,1363
24.21,41.24,859,100%,Thu Nov  3 11:15:12 2022,1364
24.23,41.27,860,100%,Thu Nov  3 11:15:22 2022,1365
24.23,41.31,861,100%,Thu Nov  3 11:15:32 2022,1366
24.21,41.31,864,100%,Thu Nov  3 11:15:43 2022,1367
24.23,41.41,864,100%,Thu Nov  3 11:15:53 2022,1368
24.21,41.39,864,100%,Thu Nov  3 11:16:03 2022,1369
24.21,41.46,866,100%,Thu Nov  3 11:16:13 2022,1370
24.23,41.46,866,100%,Thu Nov  3 11:16:23 2022,1371
24.23,41.41,867,100%,Thu Nov  3 11:16:33 2022,1372
24.23,41.44,869,100%,Thu Nov  3 11:16:43 2022,1373
24.24,41.41,868,100%,Thu Nov  3 11:16:53 2022,1374
24.24,41.39,870,100%,Thu Nov  3 11:17:04 2022,1375
24.24,41.22,872,100%,Thu Nov  3 11:17:14 2022,1376
24.24,41.14,873,100%,Thu Nov  3 11:17:24 2022,1377
24.24,41.27,873,100%,Thu Nov  3 11:17:34 2022,1378
24.24,41.27,875,100%,Thu Nov  3 11:17:44 2022,1379
24.24,41.31,875,100%,Thu Nov  3 11:17:54 2022,1380
24.24,41.39,877,100%,Thu Nov  3 11:18:05 2022,1381
24.23,41.31,878,100%,Thu Nov  3 11:18:15 2022,1382
24.24,41.17,879,100%,Thu Nov  3 11:18:25 2022,1383
24.23,41.49,882,100%,Thu Nov  3 11:18:36 2022,1384
24.53,47.02,0,%100,Wed Nov  9 13:42:36 2022,1385

24.48,47.27,0,%100,Wed Nov  9 13:42:58 2022,1386

24.45,47.29,0,%100,Wed Nov  9 13:43:22 2022,1387

25.17,57.61,0,%100,Wed Nov  9 13:43:35 2022,1388

25.18,47.14,0,%100,Wed Nov  9 13:43:57 2022,1389

24.79,46.21,0,%100,Wed Nov  9 13:44:18 2022,1390

24.53,46.97,0,%100,Wed Nov  9 13:44:43 2022,1391

24.46,46.97,1463,%100,Wed Nov  9 13:44:53 2022,1392

24.41,47.34,1505,%100,Wed Nov  9 13:45:13 2022,1393

24.38,47.46,1552,%100,Wed Nov  9 13:45:33 2022,1394

24.36,47.02,1695,%100,Wed Nov  9 13:45:54 2022,1395

24.36,47.27,1779,%100,Wed Nov  9 13:46:04 2022,1396

24.59,59.62,1818,%100,Wed Nov  9 13:46:24 2022,1397

24.52,50.22,1668,%100,Wed Nov  9 13:46:45 2022,1398

24.45,47.75,1440,%100,Wed Nov  9 13:47:05 2022,1399

24.45,47.73,1396,%100,Wed Nov  9 13:47:15 2022,1400

24.43,47.63,1325,%100,Wed Nov  9 13:47:36 2022,1401

24.39,47.36,0,%100,Wed Nov  9 13:47:58 2022,1402

24.42,47.51,0,%100,Wed Nov  9 13:48:22 2022,1403

24.38,47.63,0,%100,Wed Nov  9 13:48:35 2022,1404

24.41,47.75,0,%100,Wed Nov  9 13:48:57 2022,1405

24.3,47.66,0,%100,Wed Nov  9 13:49:19 2022,1406

23.27,47.44,0,%100,<module 'time' (built-in)>,1407
22.85,56.86,0,%100,<module 'time' (built-in)>,1408
23.19,49.39,0,%100,<module 'time' (built-in)>,1409
23.3,47.29,0,%100,<module 'time' (built-in)>,1410
23.43,47.93,0,%100,Wed Nov 16 12:51:21 2022,1411
23.47,47.51,0,%100,Wed Nov 16 12:51:33 2022,1412
23.5,47.14,0,%100,Wed Nov 16 12:51:45 2022,1413
23.51,47.07,0,%100,Wed Nov 16 12:51:57 2022,1414
23.52,46.75,0,%100,Wed Nov 16 12:52:09 2022,1415
23.55,46.65,0,%100,Wed Nov 16 12:52:21 2022,1416
23.59,46.38,0,%100,Wed Nov 16 12:52:33 2022,1417
23.57,46.31,0,%100,Wed Nov 16 12:52:46 2022,1418
23.58,46.48,0,%100,Wed Nov 16 12:52:58 2022,1419
23.59,46.45,0,%100,Wed Nov 16 12:53:10 2022,1420
23.64,46.77,0,%100,Wed Nov 16 12:53:22 2022,1421
23.64,46.85,0,%100,Wed Nov 16 12:53:34 2022,1422
23.65,46.8,0,%100,Wed Nov 16 12:53:46 2022,1423
23.82,46.16,0,%100,Wed Nov 16 12:55:34 2022,1424
23.83,45.82,0,%100,Wed Nov 16 12:55:46 2022,1425
23.86,45.65,0,%100,Wed Nov 16 12:55:58 2022,1426
23.86,45.55,0,%100,Wed Nov 16 12:56:11 2022,1427
23.9,45.47,0,%100,Wed Nov 16 12:56:22 2022,1428
23.93,45.47,0,%100,Wed Nov 16 12:56:34 2022,1429
23.93,45.33,0,%100,Wed Nov 16 12:56:47 2022,1430
23.96,45.3,0,%100,Wed Nov 16 12:56:59 2022,1431
23.97,45.13,0,%100,Wed Nov 16 12:57:11 2022,1432
23.99,45.06,0,%100,Wed Nov 16 12:57:23 2022,1433
23.99,44.96,0,%100,Wed Nov 16 12:57:35 2022,1434
23.97,44.79,0,%100,Wed Nov 16 12:57:47 2022,1435
23.97,44.74,0,%100,Wed Nov 16 12:57:59 2022,1436
24,44.52,0,%100,Wed Nov 16 12:58:11 2022,1437
24.02,44.24,0,%100,Wed Nov 16 12:58:23 2022,1438
24.03,44.34,0,%100,Wed Nov 16 12:58:35 2022,1439
24.02,44.42,0,%100,Wed Nov 16 12:58:48 2022,1440
24,44.69,0,%100,Wed Nov 16 12:59:00 2022,1441
24.03,44.57,0,%100,Wed Nov 16 12:59:12 2022,1442
24.03,44.5,0,%100,Wed Nov 16 12:59:24 2022,1443
24.02,44.69,0,%100,Wed Nov 16 12:59:36 2022,1444
24.02,44.69,0,%100,Wed Nov 16 12:59:48 2022,1445
24,44.62,0,%100,Wed Nov 16 13:00:00 2022,1446
23.99,44.57,0,%100,Wed Nov 16 13:00:12 2022,1447
24.02,44.5,0,%100,Wed Nov 16 13:00:24 2022,1448
24.03,44.39,0,%100,Wed Nov 16 13:00:36 2022,1449
24.04,44.34,0,%100,Wed Nov 16 13:00:48 2022,1450
24.06,44.39,0,%100,Wed Nov 16 13:01:01 2022,1451
24.09,44.29,0,%100,Wed Nov 16 13:01:13 2022,1452
24.1,44.24,0,%100,Wed Nov 16 13:01:25 2022,1453
24.1,44.22,0,%100,Wed Nov 16 13:01:37 2022,1454
24.1,44.29,0,%100,Wed Nov 16 13:01:49 2022,1455
24.03,44.52,0,%100,Wed Nov 16 13:02:01 2022,1456
24.06,44.74,0,%100,Wed Nov 16 13:02:13 2022,1457
24.04,44.46,0,%100,Wed Nov 16 13:02:25 2022,1458
24.07,44.34,0,%100,Wed Nov 16 13:02:37 2022,1459
24.09,44.1,0,%100,Wed Nov 16 13:02:49 2022,1460
24.1,44.12,0,%100,Wed Nov 16 13:03:01 2022,1461
24.13,44.07,0,%100,Wed Nov 16 13:03:13 2022,1462
24.13,44.12,0,%100,Wed Nov 16 13:03:26 2022,1463
24.16,44.12,0,%100,Wed Nov 16 13:03:38 2022,1464
24.17,43.83,0,%100,Wed Nov 16 13:03:50 2022,1465
24.17,43.76,0,%100,Wed Nov 16 13:04:02 2022,1466
24.17,43.85,0,%100,Wed Nov 16 13:04:14 2022,1467
24.19,44,0,%100,Wed Nov 16 13:04:26 2022,1468
24.2,43.93,0,%100,Wed Nov 16 13:04:38 2022,1469
24.2,43.85,0,%100,Wed Nov 16 13:04:50 2022,1470
24.19,43.83,0,%100,Wed Nov 16 13:05:02 2022,1471
24.2,43.88,0,%100,Wed Nov 16 13:05:14 2022,1472
24.21,43.88,0,%100,Wed Nov 16 13:05:26 2022,1473
24.24,43.76,0,%100,Wed Nov 16 13:05:38 2022,1474
24.23,43.76,0,%100,Wed Nov 16 13:05:51 2022,1475
24.23,43.81,0,%100,Wed Nov 16 13:06:03 2022,1476
24.23,43.81,0,%100,Wed Nov 16 13:06:15 2022,1477
24.21,43.71,0,%100,Wed Nov 16 13:06:27 2022,1478
24.23,43.68,0,%100,Wed Nov 16 13:06:39 2022,1479
24.23,43.66,0,%100,Wed Nov 16 13:06:51 2022,1480
24.26,43.76,0,%100,Wed Nov 16 13:07:03 2022,1481
24.26,43.73,0,%100,Wed Nov 16 13:07:15 2022,1482
24.27,43.58,0,%100,Wed Nov 16 13:07:27 2022,1483
24.26,43.58,0,%100,Wed Nov 16 13:07:39 2022,1484
24.28,43.6,0,%100,Wed Nov 16 13:07:51 2022,1485
24.28,43.68,0,%100,Wed Nov 16 13:08:03 2022,1486
24.28,43.41,0,%100,Wed Nov 16 13:08:16 2022,1487
24.28,43.48,0,%100,Wed Nov 16 13:08:28 2022,1488
24.27,43.56,0,%100,Wed Nov 16 13:08:40 2022,1489
24.27,43.41,0,%100,Wed Nov 16 13:08:52 2022,1490
24.28,43.53,0,%100,Wed Nov 16 13:09:04 2022,1491
24.3,43.73,0,%100,Wed Nov 16 13:09:16 2022,1492
24.3,43.9,0,%100,Wed Nov 16 13:09:28 2022,1493
24.3,43.85,0,%100,Wed Nov 16 13:09:40 2022,1494
24.3,43.81,0,%100,Wed Nov 16 13:09:52 2022,1495
24.3,43.43,0,%100,Wed Nov 16 13:10:04 2022,1496
24.31,43.26,0,%100,Wed Nov 16 13:10:16 2022,1497
24.31,43.31,0,%100,Wed Nov 16 13:10:28 2022,1498
24.34,43.41,0,%100,Wed Nov 16 13:10:41 2022,1499
24.34,43.41,0,%100,Wed Nov 16 13:10:53 2022,1500
24.34,43.31,0,%100,Wed Nov 16 13:11:05 2022,1501
24.31,43.38,0,%100,Wed Nov 16 13:11:17 2022,1502
24.31,43.63,0,%100,Wed Nov 16 13:11:29 2022,1503
24.34,43.51,0,%100,Wed Nov 16 13:11:41 2022,1504
24.3,43.58,0,%100,Wed Nov 16 13:11:53 2022,1505
24.31,43.51,0,%100,Wed Nov 16 13:12:05 2022,1506
24.34,43.51,0,%100,Wed Nov 16 13:12:17 2022,1507
24.3,43.48,0,%100,Wed Nov 16 13:12:29 2022,1508
24.31,43.58,0,%100,Wed Nov 16 13:12:41 2022,1509
24.34,43.56,0,%100,Wed Nov 16 13:12:53 2022,1510
24.34,43.51,0,%100,Wed Nov 16 13:13:05 2022,1511
24.35,43.31,0,%100,Wed Nov 16 13:13:18 2022,1512
24.35,43.38,0,%100,Wed Nov 16 13:13:30 2022,1513
24.31,43.56,0,%100,Wed Nov 16 13:13:42 2022,1514
24.34,43.68,0,%100,Wed Nov 16 13:13:54 2022,1515
24.34,43.31,0,%100,Wed Nov 16 13:14:06 2022,1516
24.34,43.29,0,%100,Wed Nov 16 13:14:18 2022,1517
24.35,43.34,0,%100,Wed Nov 16 13:14:30 2022,1518
24.36,43.38,0,%100,Wed Nov 16 13:14:42 2022,1519
24.36,43.48,0,%100,Wed Nov 16 13:14:54 2022,1520
24.35,43.6,0,%100,Wed Nov 16 13:15:06 2022,1521
24.36,43.12,0,%100,Wed Nov 16 13:15:18 2022,1522
24.34,43.51,0,%100,Wed Nov 16 13:15:31 2022,1523
24.34,43.63,0,%100,Wed Nov 16 13:15:43 2022,1524
24.34,43.48,0,%100,Wed Nov 16 13:15:55 2022,1525
24.35,43.31,0,%100,Wed Nov 16 13:16:07 2022,1526
24.38,43.31,0,%100,Wed Nov 16 13:16:19 2022,1527
24.38,43.46,0,%100,Wed Nov 16 13:16:31 2022,1528
24.38,43.26,0,%100,Wed Nov 16 13:16:43 2022,1529
24.38,43.34,0,%100,Wed Nov 16 13:16:55 2022,1530
24.39,43.56,0,%100,Wed Nov 16 13:17:07 2022,1531
24.39,43.78,0,%100,Wed Nov 16 13:17:19 2022,1532
24.39,43.66,0,%100,Wed Nov 16 13:17:31 2022,1533
24.42,44.39,0,%100,Wed Nov 16 13:17:53 2022,1534
24.43,44.42,0,%100,Wed Nov 16 13:18:16 2022,1535
24.43,46.33,0,%100,Wed Nov 16 13:18:40 2022,1536
24.45,46.65,0,%100,Wed Nov 16 13:18:52 2022,1537
24.13,44.84,0,%100,Wed Nov 16 13:20:27 2022,1538
24.06,44.67,0,%100,Wed Nov 16 13:20:40 2022,1539
24.02,44.34,0,%100,Wed Nov 16 13:21:00 2022,1540
24.02,44.37,1112,%100,Wed Nov 16 13:21:20 2022,1541
24,44.89,1136,%100,Wed Nov 16 13:21:41 2022,1542
24.02,44.84,1137,%100,Wed Nov 16 13:21:51 2022,1543
24.04,44.39,890,%100,Wed Nov 16 13:22:11 2022,1544
24.07,44.15,907,%100,Wed Nov 16 13:22:31 2022,1545
24.13,44.07,1150,%100,Wed Nov 16 13:22:52 2022,1546
24.16,43.68,1164,%100,Wed Nov 16 13:23:02 2022,1547
24.2,44,1267,%100,Wed Nov 16 13:23:23 2022,1548
24.26,43.71,1201,%100,Wed Nov 16 13:23:43 2022,1549
24.31,43.68,825,%100,Wed Nov 16 13:24:03 2022,1550
24.35,43.81,812,%100,Wed Nov 16 13:24:13 2022,1551
24.41,42.89,975,%100,Wed Nov 16 13:24:33 2022,1552
24.48,43.09,1032,%100,Wed Nov 16 13:24:53 2022,1553
24.45,43.31,948,%100,Wed Nov 16 13:25:14 2022,1554
24.48,42.94,870,%100,Wed Nov 16 13:25:24 2022,1555
24.55,42.82,907,%100,Wed Nov 16 13:25:44 2022,1556
24.6,42.5,923,%100,Wed Nov 16 13:26:04 2022,1557
24.66,42.72,886,%100,Wed Nov 16 13:26:24 2022,1558
24.69,42.82,971,%100,Wed Nov 16 13:26:34 2022,1559
24.72,42.79,1055,%100,Wed Nov 16 13:26:54 2022,1560
24.79,42.5,921,%100,Wed Nov 16 13:27:35 2022,1561
24.79,42.74,897,%100,Wed Nov 16 13:27:46 2022,1562
24.8,42.69,930,%100,Wed Nov 16 13:28:06 2022,1563
24.74,42.79,858,%100,Wed Nov 16 13:28:26 2022,1564
24.84,42.72,940,%100,Wed Nov 16 13:28:46 2022,1565
24.87,42.65,949,%100,Wed Nov 16 13:28:56 2022,1566
24.93,42.45,869,%100,Wed Nov 16 13:29:16 2022,1567
24.98,42.43,995,%100,Wed Nov 16 13:29:37 2022,1568
25.03,42.33,1039,%100,Wed Nov 16 13:29:57 2022,1569
25.03,42.3,1087,%100,Wed Nov 16 13:30:07 2022,1570
25.05,42.62,1144,%100,Wed Nov 16 13:30:27 2022,1571
25.1,42.97,1078,%100,Wed Nov 16 13:30:38 2022,1572
25.1,43.16,1122,%100,Wed Nov 16 13:30:48 2022,1573
25.12,42.5,1165,%100,Wed Nov 16 13:30:58 2022,1574
25.1,42.47,1047,%100,Wed Nov 16 13:31:08 2022,1575
25.11,42.6,1234,%100,Wed Nov 16 13:31:18 2022,1576
25.14,42.74,973,%100,Wed Nov 16 13:31:28 2022,1577
25.15,42.67,1139,%100,Wed Nov 16 13:31:38 2022,1578
25.18,43.24,1120,%100,Wed Nov 16 13:31:48 2022,1579
25.18,42.47,1049,%100,Wed Nov 16 13:31:59 2022,1580
25.21,42.18,1114,%100,Wed Nov 16 13:32:09 2022,1581
25.21,41.93,1163,%100,Wed Nov 16 13:32:19 2022,1582
25.24,42.03,1143,%100,Wed Nov 16 13:32:29 2022,1583
25.28,41.81,1143,%100,Wed Nov 16 13:32:39 2022,1584
25.28,41.86,1045,%100,Wed Nov 16 13:32:49 2022,1585
25.31,42,1027,%100,Wed Nov 16 13:32:59 2022,1586
25.32,41.76,1019,%100,Wed Nov 16 13:33:10 2022,1587
25.35,41.64,1057,%100,Wed Nov 16 13:33:20 2022,1588
25.41,41.56,983,%100,Wed Nov 16 13:33:40 2022,1589
25.34,41.81,1164,%100,Wed Nov 16 13:34:00 2022,1590
25.34,41.83,1146,%100,Wed Nov 16 13:34:20 2022,1591
25.34,41.76,1007,%100,Wed Nov 16 13:34:30 2022,1592
25.36,42,1131,%100,Wed Nov 16 13:34:50 2022,1593
25.39,41.56,1072,%100,Wed Nov 16 13:35:11 2022,1594
25.41,41.41,1060,%100,Wed Nov 16 13:35:31 2022,1595
25.39,41.49,1130,%100,Wed Nov 16 13:35:41 2022,1596
25.39,41.53,972,%100,Wed Nov 16 13:36:02 2022,1597
25.46,41.41,1110,%100,Wed Nov 16 13:36:22 2022,1598
25.48,41.31,1081,%100,Wed Nov 16 13:36:42 2022,1599
25.46,41.05,1002,%100,Wed Nov 16 13:36:52 2022,1600
25.45,40.84,974,%100,Wed Nov 16 13:37:12 2022,1601
25.48,40.89,973,%100,Wed Nov 16 13:37:32 2022,1602
25.52,40.65,1008,%100,Wed Nov 16 13:37:53 2022,1603
25.5,40.72,1003,%100,Wed Nov 16 13:38:03 2022,1604
25.48,40.65,1091,%100,Wed Nov 16 13:38:23 2022,1605
25.53,40.42,1002,%100,Wed Nov 16 13:38:43 2022,1606
25.5,40.06,974,%100,Wed Nov 16 13:39:04 2022,1607
25.53,40.25,987,%100,Wed Nov 16 13:39:14 2022,1608
25.53,39.78,1012,%100,Wed Nov 16 13:39:34 2022,1609
25.52,40.18,1015,%100,Wed Nov 16 13:39:54 2022,1610
25.53,39.61,1004,%100,Wed Nov 16 13:40:15 2022,1611
25.53,39.64,893,%100,Wed Nov 16 13:40:25 2022,1612
25.49,39.64,899,%100,Wed Nov 16 13:40:45 2022,1613
25.55,40.13,985,%100,Wed Nov 16 13:41:05 2022,1614
25.57,39.59,1060,%100,Wed Nov 16 13:41:25 2022,1615
25.59,39.61,901,%100,Wed Nov 16 13:41:36 2022,1616
25.57,39.39,911,%100,Wed Nov 16 13:41:56 2022,1617
25.56,39.41,949,%100,Wed Nov 16 13:42:16 2022,1618
25.49,39.54,962,%100,Wed Nov 16 13:42:36 2022,1619
25.49,40.06,936,%100,Wed Nov 16 13:42:46 2022,1620
25.49,39.86,910,%100,Wed Nov 16 13:43:06 2022,1621
25.53,39.73,811,%100,Wed Nov 16 13:43:26 2022,1622
25.56,39.61,871,%100,Wed Nov 16 13:43:47 2022,1623
25.56,39.66,901,%100,Wed Nov 16 13:43:57 2022,1624
25.59,39.43,934,%100,Wed Nov 16 13:44:17 2022,1625
25.55,39.41,807,%100,Wed Nov 16 13:44:37 2022,1626
25.63,39.61,809,%100,Wed Nov 16 13:44:57 2022,1627
25.6,39.24,971,%100,Wed Nov 16 13:45:08 2022,1628
25.63,39.61,849,%100,Wed Nov 16 13:45:28 2022,1629
25.63,39.21,1027,%100,Wed Nov 16 13:45:48 2022,1630
25.64,40.06,911,%100,Wed Nov 16 13:46:08 2022,1631
25.66,40.01,946,%100,Wed Nov 16 13:46:19 2022,1632
25.66,39.73,845,%100,Wed Nov 16 13:46:39 2022,1633
25.62,39.66,920,%100,Wed Nov 16 13:46:59 2022,1634
25.69,39.36,1039,%100,Wed Nov 16 13:47:19 2022,1635
25.66,39.54,1016,%100,Wed Nov 16 13:47:29 2022,1636
25.64,39.26,996,%100,Wed Nov 16 13:47:50 2022,1637
25.67,39.49,908,%100,Wed Nov 16 13:48:10 2022,1638
25.62,39.26,899,%100,Wed Nov 16 13:48:30 2022,1639
25.63,39.43,979,%100,Wed Nov 16 13:48:40 2022,1640
25.62,39.56,960,%100,Wed Nov 16 13:49:01 2022,1641
25.74,39.21,885,%100,Wed Nov 16 13:49:21 2022,1642
25.78,39.04,844,%100,Wed Nov 16 13:49:42 2022,1643
25.78,39.31,944,%100,Wed Nov 16 13:49:52 2022,1644
25.77,38.87,929,%100,Wed Nov 16 13:50:12 2022,1645
25.81,38.92,908,%100,Wed Nov 16 13:50:32 2022,1646
25.81,39.12,929,%100,Wed Nov 16 13:50:52 2022,1647
25.75,38.7,924,%100,Wed Nov 16 13:51:02 2022,1648
25.78,39.02,938,%100,Wed Nov 16 13:51:22 2022,1649
25.81,38.89,988,%100,Wed Nov 16 13:51:43 2022,1650
